datetime,09109000,09124700,09211200,09234500,09355500,09380000
10/31/1905 0:00:00,6375,"28,000","28,000","26,999","47,313",458528
11/30/1905 0:00:00,4097,"25,000","24,000","10,500","33,552",401644
12/31/1905 0:00:00,3981,"27,000","18,000","14,376","25,801",226871
1/31/1906 0:00:00,3770,"26,000","18,000","25,831","24,238",244314
2/28/1906 0:00:00,3898,"22,000","17,000","32,970","23,185",292534
3/31/1906 0:00:00,4327,"39,000","29,000","76,977","32,935",678174
4/30/1906 0:00:00,7688,"107,000","104,000","222,578","166,627",1204640
5/31/1906 0:00:00,36123,"334,010","316,000","480,495","464,408",3635101
6/30/1906 0:00:00,56665,"454,428","395,400","614,863","431,139",5014167
7/31/1906 0:00:00,35836,"213,582","313,900","424,452","131,339",2950460
8/31/1906 0:00:00,13887,"99,970","148,200","220,334","59,225",1605086
9/30/1906 0:00:00,14838,"61,938","80,700","114,431","53,740",1503159
10/31/1906 0:00:00,8766,"51,000","37,400","49,203","37,553",739807
11/30/1906 0:00:00,4863,"32,000","40,000","44,439","21,532",503006
12/31/1906 0:00:00,5813,"27,000","31,000","45,949","14,707",353312
1/31/1907 0:00:00,4338,"26,000","33,000","58,879","8,101",356760
2/28/1907 0:00:00,2989,"21,000","42,000","72,457","11,830",377349
3/31/1907 0:00:00,3609,"51,000","75,000","196,583","30,445",789130
4/30/1907 0:00:00,13100,"119,000","180,000","351,613","73,753",1465838
5/31/1907 0:00:00,22232,"222,010","398,000","604,293","161,990",2702179
6/30/1907 0:00:00,74941,"533,828","507,600","834,114","359,413",5967232
7/31/1907 0:00:00,54853,"391,282","430,900","755,305","277,620",5103491
8/31/1907 0:00:00,18224,"151,770","177,600","259,612","97,724",1920787
9/30/1907 0:00:00,9575,"80,238","54,500","88,400","49,311",955414
10/31/1907 0:00:00,8749,"55,200","44,300","56,707","47,900",608812
11/30/1907 0:00:00,5481,"33,000","34,000","33,743","33,100",377467
12/31/1907 0:00:00,5584,"26,000","17,000","27,031","23,600",268130
1/31/1908 0:00:00,3867,"25,000","17,000","37,289","25,300",276192
2/29/1908 0:00:00,4084,"22,000","18,000","44,419","44,100",379543
3/31/1908 0:00:00,4530,"36,000","45,000","114,406","119,000",664762
4/30/1908 0:00:00,11561,"92,000","95,000","185,067","179,000",1041224
5/31/1908 0:00:00,18335,"135,010","218,000","278,041","185,000",1595614
6/30/1908 0:00:00,42651,"247,628","294,200","458,103","249,629",2922360
7/31/1908 0:00:00,26706,"142,882","197,000","312,951","134,974",1924283
8/31/1908 0:00:00,13453,"106,170","138,800","204,307","167,344",1117477
9/30/1908 0:00:00,10515,"44,638","46,300","78,715","44,900",598088
10/31/1908 0:00:00,6962,"36,000","40,000","71,540","40,400",483627
11/30/1908 0:00:00,4806,"26,000","25,000","36,194","24,100",395707
12/31/1908 0:00:00,6639,"27,000","6,000","22,683","18,300",312145
1/31/1909 0:00:00,4956,"25,000","27,000","45,364","35,100",378989
2/28/1909 0:00:00,3498,"21,000","20,000","57,172","20,700",317458
3/31/1909 0:00:00,4621,"39,000","89,000","210,405","109,000",763721
4/30/1909 0:00:00,9693,"93,000","126,000","246,434","261,000",1120492
5/31/1909 0:00:00,31940,"361,010","360,000","555,532","365,300",3349297
6/30/1909 0:00:00,83716,"556,828","653,800","1,006,801","449,955",7203254
7/31/1909 0:00:00,56685,"327,382","375,100","523,892","152,337",4109919
8/31/1909 0:00:00,19405,"124,970","182,800","286,331","224,482",1880422
9/30/1909 0:00:00,18355,"149,138","142,600","187,258","366,400",1526396
10/31/1909 0:00:00,9649,"72,200","45,500","73,675","66,554",680646
11/30/1909 0:00:00,4904,"32,000","40,000","41,575","40,767",489990
12/31/1909 0:00:00,4386,"27,000","6,000","24,642","34,734",377548
1/31/1910 0:00:00,4386,"25,000","6,000","52,538","42,612",289322
2/28/1910 0:00:00,4713,"22,000","36,000","92,340","36,939",493565
3/31/1910 0:00:00,6968,"89,000","175,000","367,080","139,723",1403871
4/30/1910 0:00:00,13854,"175,000","130,000","254,047","158,355",1730475
5/31/1910 0:00:00,31778,"318,010","342,100","481,266","296,042",3298793
6/30/1910 0:00:00,34431,"285,828","268,400","323,218","212,636",3101705
7/31/1910 0:00:00,17958,"104,082","88,800","134,692","65,487",1373125
8/31/1910 0:00:00,9057,"62,070","72,900","106,485","63,802",866631
9/30/1910 0:00:00,9612,"42,838","32,300","57,785","34,148",630999
10/31/1910 0:00:00,6837,"35,200","56,400","83,182","74,752",616468
11/30/1910 0:00:00,4605,"29,000","39,000","44,059","61,239",445769
12/31/1910 0:00:00,4979,"27,000","21,000","44,001","59,311",345922
1/31/1911 0:00:00,4984,"26,000","47,000","81,327","38,838",367374
2/28/1911 0:00:00,3524,"21,000","56,000","102,389","52,036",482597
3/31/1911 0:00:00,4372,"36,000","97,000","196,738","118,296",902111
4/30/1911 0:00:00,6174,"110,000","45,000","82,138","254,590",951815
5/31/1911 0:00:00,34843,"330,010","32,900","122,452","463,704",2924637
6/30/1911 0:00:00,68639,"452,928","266,500","469,834","505,255",4124342
7/31/1911 0:00:00,42337,"259,282","187,900","278,652","210,213",2353784
8/31/1911 0:00:00,14842,"111,070","102,400","151,988","127,961",1016615
9/30/1911 0:00:00,11649,"67,838","40,600","70,311","90,548",593647
10/31/1911 0:00:00,14694,"120,200","46,100","78,589","67,791",1138004
11/30/1911 0:00:00,6696,"46,000","34,000","55,403","71,761",442055
12/31/1911 0:00:00,6305,"34,000","27,000","37,194","46,690",353041
1/31/1912 0:00:00,4052,"29,000","23,000","42,560","42,241",346041
2/29/1912 0:00:00,3400,"25,000","21,000","53,636","39,381",327037
3/31/1912 0:00:00,4285,"42,000","35,000","73,830","98,485",538143
4/30/1912 0:00:00,8789,"113,000","60,000","135,460","243,880",902408
5/31/1912 0:00:00,34103,"363,010","162,000","278,346","438,143",3684152
6/30/1912 0:00:00,62529,"458,128","584,100","874,607","410,531",6151096
7/31/1912 0:00:00,45020,"271,982","416,400","536,309","181,875",3206236
8/31/1912 0:00:00,15671,"103,070","168,800","246,016","104,016",1362372
9/30/1912 0:00:00,12504,"57,838","66,500","109,816","79,690",631542
10/31/1912 0:00:00,10093,"57,000","53,000","101,599","36,232",636273
11/30/1912 0:00:00,5327,"29,000","45,000","80,112","27,102",533066
12/31/1912 0:00:00,5704,"28,000","61,000","68,619","26,794",305039
1/31/1913 0:00:00,3723,"25,000","33,000","55,723","20,626",354040
2/28/1913 0:00:00,3277,"20,000","26,000","59,681","24,848",314036
3/31/1913 0:00:00,4055,"30,000","61,000","131,568","65,373",523341
4/30/1913 0:00:00,9366,"107,000","135,000","249,947","141,192",1829662
5/31/1913 0:00:00,31327,"240,010","269,300","393,747","273,273",3270773
6/30/1913 0:00:00,35039,"231,428","523,100","656,441","238,565",3144987
7/31/1913 0:00:00,21674,"114,882","361,900","443,309","81,765",1984477
8/31/1913 0:00:00,10243,"76,670","156,200","214,440","43,310",874871
9/30/1913 0:00:00,9115,"61,338","80,700","122,311","43,674",701627
10/31/1913 0:00:00,8749,"48,000","57,000","102,620","61,156",670352
11/30/1913 0:00:00,5062,"38,000","50,000","68,881","64,386",538369
12/31/1913 0:00:00,4250,"30,000","21,000","37,634","47,625",329845
1/31/1914 0:00:00,3812,"26,000","25,000","58,998","35,300",369539
2/28/1914 0:00:00,3949,"21,000","26,000","67,750","28,269",401134
3/31/1914 0:00:00,4545,"47,000","63,000","156,956","80,027",876055
4/30/1914 0:00:00,8871,"104,000","147,000","300,902","211,887",1593815
5/31/1914 0:00:00,40319,"383,010","356,900","615,337","381,662",4685651
6/30/1914 0:00:00,56365,"435,328","598,500","805,179","384,197",6296012
7/31/1914 0:00:00,37868,"242,782","319,400","410,951","157,357",3116693
8/31/1914 0:00:00,14022,"113,270","125,300","184,335","89,990",1405438
9/30/1914 0:00:00,9521,"66,738","55,800","86,973","68,893",783864
10/31/1914 0:00:00,9951,"66,200","36,000","71,517","86,068",964927
11/30/1914 0:00:00,6803,"48,000","31,000","50,732","38,597",527355
12/31/1914 0:00:00,4437,"30,000","24,000","36,782","22,344",334330
1/31/1915 0:00:00,4197,"27,000","20,000","43,402","21,660",304134
2/28/1915 0:00:00,3820,"23,000","18,000","54,052","36,611",397336
3/31/1915 0:00:00,4198,"47,000","41,000","80,291","71,993",525839
4/30/1915 0:00:00,7216,"85,000","71,000","131,388","296,684",1483872
5/31/1915 0:00:00,18765,"140,010","100,000","180,006","340,274",2427137
6/30/1915 0:00:00,33939,"270,228","176,100","318,445","400,317",3642472
7/31/1915 0:00:00,22137,"141,382","187,000","239,480","239,547",2147795
8/31/1915 0:00:00,9196,"67,370","94,600","134,443","69,318",853538
9/30/1915 0:00:00,8123,"37,938","70,000","99,756","42,457",528868
10/31/1915 0:00:00,5995,"33,000","61,500","89,370","30,482",557983
11/30/1915 0:00:00,4166,"28,000","42,000","60,630","35,057",411050
12/31/1915 0:00:00,4364,"25,000","35,000","50,254","18,975",343248
1/31/1916 0:00:00,2717,"23,000","25,000","51,798","29,163",393996
2/29/1916 0:00:00,2922,"19,000","28,000","64,903","29,366",424367
3/31/1916 0:00:00,4036,"38,000","80,000","181,326","212,423",1391402
4/30/1916 0:00:00,6615,"108,000","140,000","254,901","285,980",1802735
5/31/1916 0:00:00,26824,"310,010","247,000","406,281","350,984",3736188
6/30/1916 0:00:00,49493,"439,028","493,900","727,014","433,131",4752149
7/31/1916 0:00:00,32606,"203,282","350,900","422,265","190,935",2633061
8/31/1916 0:00:00,16631,"148,270","149,200","191,411","191,968",1931864
9/30/1916 0:00:00,10572,"66,838","60,700","89,406","80,336",809499
10/31/1916 0:00:00,10963,"65,000","51,000","86,919","210,098",1402792
11/30/1916 0:00:00,5717,"38,000","31,000","48,665","63,496",495715
12/31/1916 0:00:00,5324,"32,000","24,000","37,259","34,682",369117
1/31/1917 0:00:00,2913,"23,000","22,000","31,143","25,622",260297
2/28/1917 0:00:00,3008,"23,000","20,000","36,746","24,422",351858
3/31/1917 0:00:00,2397,"29,000","32,000","66,388","41,213",506892
4/30/1917 0:00:00,12727,"75,000","113,000","223,600","222,038",1545288
5/31/1917 0:00:00,24241,"185,010","309,000","483,053","354,078",3763312
6/30/1917 0:00:00,76116,"564,928","602,600","957,051","570,353",7772051
7/31/1917 0:00:00,48181,"287,482","628,500","828,353","332,382",4940893
8/31/1917 0:00:00,14114,"104,870","169,700","233,116","94,721",1618992
9/30/1917 0:00:00,9492,"55,638","81,500","117,663","32,713",822052
10/31/1917 0:00:00,8746,"47,200","52,400","80,803","22,097",510346
11/30/1917 0:00:00,5152,"31,000","41,000","56,773","28,497",448052
12/31/1917 0:00:00,3714,"26,000","32,000","43,351","8,230",402771
1/31/1918 0:00:00,3560,"23,000","23,000","45,098","16,121",356293
2/28/1918 0:00:00,3811,"26,000","21,000","48,409","25,059",373570
3/31/1918 0:00:00,4831,"34,000","44,000","98,534","64,226",655998
4/30/1918 0:00:00,8627,"62,000","93,000","188,477","74,984",901047
5/31/1918 0:00:00,34589,"290,310","204,900","364,573","198,237",2760606
6/30/1918 0:00:00,75191,"496,428","770,200","935,160","230,106",5393082
7/31/1918 0:00:00,34422,"182,282","278,000","332,554","117,684",2288860
8/31/1918 0:00:00,16584,"123,570","126,400","170,335","62,741",968226
9/30/1918 0:00:00,14132,"86,338","57,900","85,839","64,352",691873
10/31/1918 0:00:00,9187,"60,400","50,700","86,387","17,395",569909
11/30/1918 0:00:00,5562,"34,000","40,000","54,006","23,259",496385
12/31/1918 0:00:00,4814,"27,000","28,000","33,490","30,809",410088
1/31/1919 0:00:00,4890,"20,000","22,000","31,216","24,167",287188
2/28/1919 0:00:00,3982,"19,000","19,000","35,143","25,508",316951
3/31/1919 0:00:00,4596,"36,000","36,000","68,993","50,243",653288
4/30/1919 0:00:00,10080,"84,000","81,000","164,806","230,542",1414719
5/31/1919 0:00:00,32970,"280,010","165,800","260,156","377,934",3231443
6/30/1919 0:00:00,32297,"214,828","163,600","238,185","279,429",2597757
7/31/1919 0:00:00,23311,"132,782","57,300","96,904","170,299",1537304
8/31/1919 0:00:00,12420,"87,470","41,500","81,304","112,165",904499
9/30/1919 0:00:00,11259,"47,638","34,100","62,174","50,196",531938
10/31/1919 0:00:00,7603,"37,100","44,000","64,520","25,941",377401
11/30/1919 0:00:00,5940,"34,000","33,000","47,972","28,839",404787
12/31/1919 0:00:00,5494,"29,000","23,000","32,323","33,018",394092
1/31/1920 0:00:00,3494,"25,000","21,000","39,426","34,678",406940
2/29/1920 0:00:00,3613,"25,000","21,000","44,312","67,972",601644
3/31/1920 0:00:00,4328,"44,000","46,000","110,453","114,277",685472
4/30/1920 0:00:00,5169,"49,000","86,000","188,047","217,638",983984
5/31/1920 0:00:00,45654,"435,010","284,000","465,685","616,540",5917499
6/30/1920 0:00:00,68957,"550,228","514,400","801,095","603,059",6993901
7/31/1920 0:00:00,34505,"236,382","268,100","367,079","290,008",3165232
8/31/1920 0:00:00,13475,"102,870","116,600","172,907","97,949",1376497
9/30/1920 0:00:00,8455,"55,238","57,000","91,700","42,937",620527
10/31/1920 0:00:00,9047,"47,000","48,000","67,608","36,695",534996
11/30/1920 0:00:00,5833,"39,000","41,000","51,168","40,238",596367
12/31/1920 0:00:00,4056,"31,000","30,000","43,621","24,193",404572
1/31/1921 0:00:00,3564,"29,000","27,000","53,867","22,565",414071
2/28/1921 0:00:00,3417,"24,000","25,000","64,664","31,592",456635
3/31/1921 0:00:00,4389,"35,000","67,000","142,806","108,390",943676
4/30/1921 0:00:00,4884,"62,000","115,000","236,451","125,888",930238
5/31/1921 0:00:00,32123,"285,010","276,500","519,668","327,051",4180109
6/30/1921 0:00:00,80972,"589,928","751,500","1,115,908","510,648",8467231
7/31/1921 0:00:00,39730,"239,882","205,600","328,180","224,425",2849389
8/31/1921 0:00:00,15651,"121,670","104,200","177,864","220,942",1972571
9/30/1921 0:00:00,10233,"74,438","58,600","97,674","78,596",953215
10/31/1921 0:00:00,7974,"45,200","46,000","72,027","24,005",477741
11/30/1921 0:00:00,5270,"38,000","39,000","64,106","22,445",410812
12/31/1921 0:00:00,3643,"29,000","34,000","48,089","20,316",458713
1/31/1922 0:00:00,3360,"27,000","29,000","55,043","26,433",354102
2/28/1922 0:00:00,3314,"25,000","25,000","62,472","24,751",429948
3/31/1922 0:00:00,4203,"35,000","74,000","178,185","82,785",867877
4/30/1922 0:00:00,4705,"69,000","90,000","214,853","210,558",1224473
5/31/1922 0:00:00,32336,"330,010","342,200","564,162","446,520",4874849
6/30/1922 0:00:00,43014,"365,228","649,600","904,976","494,079",5624070
7/31/1922 0:00:00,21091,"126,282","241,200","328,977","117,606",2096584
8/31/1922 0:00:00,9675,"82,070","131,100","196,506","61,478",1087967
9/30/1922 0:00:00,9194,"41,238","73,900","100,933","29,947",617284
10/31/1922 0:00:00,6288,"27,200","45,300","74,382","19,398",327500
11/30/1922 0:00:00,4923,"28,000","37,000","53,893","37,242",391261
12/31/1922 0:00:00,5210,"24,000","30,000","43,599","21,592",400862
1/31/1923 0:00:00,3426,"22,000","24,000","46,489","22,778",369732
2/28/1923 0:00:00,3771,"21,000","21,000","45,234","33,883",336029
3/31/1923 0:00:00,4051,"30,000","33,000","67,176","43,578",427753
4/30/1923 0:00:00,7324,"69,000","101,000","230,062","135,428",1296746
5/31/1923 0:00:00,34581,"308,010","351,000","552,991","331,915",4029114
6/30/1923 0:00:00,60720,"434,028","454,400","715,422","342,613",5099406
7/31/1923 0:00:00,44078,"231,982","383,900","508,107","163,985",2998439
8/31/1923 0:00:00,19654,"134,370","143,600","208,565","101,999",1664755
9/30/1923 0:00:00,12201,"79,638","64,900","101,296","118,503",985871
10/31/1923 0:00:00,11698,"61,000","66,000","99,598","67,020",731926
11/30/1923 0:00:00,6715,"45,000","49,000","63,990","51,889",632012
12/31/1923 0:00:00,5324,"29,000","32,000","42,488","40,449",425855
1/31/1924 0:00:00,5243,"27,000","29,000","45,711","31,069",314158
2/29/1924 0:00:00,3734,"26,000","28,000","47,257","32,883",490542
3/31/1924 0:00:00,4413,"32,000","45,000","107,721","34,953",496310
4/30/1924 0:00:00,11893,"112,000","142,000","235,356","220,496",1658525
5/31/1924 0:00:00,34243,"301,010","247,000","354,879","333,145",3384372
6/30/1924 0:00:00,53345,"357,928","221,700","253,943","281,433",3828658
7/31/1924 0:00:00,14952,"113,882","127,500","161,504","80,835",1628866
8/31/1924 0:00:00,7096,"54,470","57,400","91,982","42,086",680819
9/30/1924 0:00:00,10654,"32,538","44,700","63,373","26,375",378899
10/31/1924 0:00:00,7407,"34,000","42,000","49,272","20,101",389461
11/30/1924 0:00:00,5188,"33,000","36,000","47,572","31,823",397899
12/31/1924 0:00:00,5473,"27,000","28,000","36,191","13,090",280177
1/31/1925 0:00:00,3602,"25,000","21,000","37,275","11,148",266334
2/28/1925 0:00:00,3747,"23,000","23,000","40,683","15,756",391292
3/31/1925 0:00:00,4983,"40,000","55,000","130,208","51,298",594432
4/30/1925 0:00:00,13037,"132,000","98,000","195,644","137,472",1469823
5/31/1925 0:00:00,28824,"224,010","218,300","364,610","209,884",2624348
6/30/1925 0:00:00,28952,"209,428","339,700","446,307","230,875",2913545
7/31/1925 0:00:00,19889,"135,982","322,000","384,963","132,641",2042150
8/31/1925 0:00:00,11271,"90,670","137,900","192,343","89,459",1005794
9/30/1925 0:00:00,10548,"62,438","72,800","105,083","148,613",1139183
10/31/1925 0:00:00,9421,"48,000","65,300","81,848","99,097",998383
11/30/1925 0:00:00,5850,"39,000","45,000","60,539","45,490",604169
12/31/1925 0:00:00,4969,"26,000","39,000","47,152","26,095",456166
1/31/1926 0:00:00,2943,"20,000","37,000","51,863","18,463",367550
2/28/1926 0:00:00,3293,"19,000","32,000","59,576","25,752",360767
3/31/1926 0:00:00,4520,"32,000","61,000","136,383","53,756",616477
4/30/1926 0:00:00,12056,"83,000","117,000","213,217","170,266",1722211
5/31/1926 0:00:00,32683,"236,010","221,700","339,469","325,794",3686355
6/30/1926 0:00:00,53909,"321,728","203,700","296,103","353,749",4132000
7/31/1926 0:00:00,26488,"134,082","149,800","186,715","79,565",1937082
8/31/1926 0:00:00,12087,"74,170","81,900","120,335","60,937",916457
9/30/1926 0:00:00,9762,"37,238","49,900","71,490","36,942",451009
10/31/1926 0:00:00,6310,"38,200","41,200","67,875","45,451",465656
11/30/1926 0:00:00,3945,"31,000","35,000","52,120","40,850",339146
12/31/1926 0:00:00,3067,"28,000","22,000","30,170","21,053",383708
1/31/1927 0:00:00,2636,"24,000","26,000","41,671","23,976",341604
2/28/1927 0:00:00,2668,"24,000","25,000","39,829","34,245",390123
3/31/1927 0:00:00,2123,"33,000","40,000","89,363","66,804",606873
4/30/1927 0:00:00,7631,"88,000","64,000","146,513","235,248",1369061
5/31/1927 0:00:00,37221,"355,010","220,300","398,980","403,551",4348392
6/30/1927 0:00:00,49292,"347,428","503,900","713,627","382,615",4127326
7/31/1927 0:00:00,30217,"179,882","338,400","429,860","273,177",3040807
8/31/1927 0:00:00,14581,"103,870","132,800","205,115","97,635",1263371
9/30/1927 0:00:00,17410,"105,838","105,900","145,987","313,663",2013698
10/31/1927 0:00:00,12705,"70,000","73,500","93,497","70,500",948204
11/30/1927 0:00:00,8660,"52,000","60,000","69,708","48,600",738283
12/31/1927 0:00:00,7590,"40,000","39,000","47,312","31,700",458035
1/31/1928 0:00:00,5016,"33,000","29,000","46,996","31,700",457184
2/29/1928 0:00:00,4170,"28,000","22,000","47,454","36,600",454767
3/31/1928 0:00:00,5206,"49,000","52,000","105,037","90,400",777155
4/30/1928 0:00:00,9447,"89,000","72,000","198,758","116,700",1103775
5/31/1928 0:00:00,52100,"448,010","393,800","605,855","250,400",4821916
6/30/1928 0:00:00,62300,"392,479","329,000","446,635","163,341",4261452
7/31/1928 0:00:00,33794,"181,474","248,100","321,819","52,296",2204925
8/31/1928 0:00:00,12632,"86,950","141,100","192,183","36,713",998312
9/30/1928 0:00:00,13232,"47,942","61,000","87,450","23,400",546594
10/31/1928 0:00:00,7324,"37,100","45,400","57,790","19,100",615502
11/30/1928 0:00:00,6688,"49,000","39,000","53,538","32,200",570122
12/31/1928 0:00:00,4587,"24,000","27,000","36,174","18,200",348705
1/31/1929 0:00:00,2707,"21,000","25,000","45,410","15,700",337118
2/28/1929 0:00:00,2369,"20,000","21,000","50,894","16,600",351565
3/31/1929 0:00:00,2752,"45,000","48,000","117,117","73,800",915700
4/30/1929 0:00:00,6343,"83,000","123,000","211,427","203,800",1774777
5/31/1929 0:00:00,37398,"350,010","182,000","293,200","359,800",4602167
6/30/1929 0:00:00,67465,"436,938","300,400","483,349","317,072",5504354
7/31/1929 0:00:00,42230,"191,384","186,000","281,516","110,217",2714041
8/31/1929 0:00:00,24670,"167,275","100,800","173,051","247,455",2341485
9/30/1929 0:00:00,24367,"156,838","70,600","108,769","191,900",1715620
10/31/1929 0:00:00,13433,"87,500","59,100","73,407","79,400",956703
11/30/1929 0:00:00,7159,"53,000","43,000","59,245","32,200",564438
12/31/1929 0:00:00,3949,"33,000","37,000","45,302","17,900",440904
1/31/1930 0:00:00,3206,"23,000","29,300","44,032","15,100",300711
2/28/1930 0:00:00,3484,"21,000","29,300","45,577","28,600",457920
3/31/1930 0:00:00,4423,"29,000","48,500","116,848","44,700",563639
4/30/1930 0:00:00,16300,"173,000","116,000","216,485","187,000",1862406
5/31/1930 0:00:00,24595,"185,010","222,300","302,807","176,700",2225165
6/30/1930 0:00:00,40297,"285,105","412,400","537,416","192,499",3694826
7/31/1930 0:00:00,24316,"112,520","244,300","314,307","87,523",1617780
8/31/1930 0:00:00,16645,"123,706","117,700","178,772","101,586",1792049
9/30/1930 0:00:00,6973,"49,162","58,500","93,152","26,000",654030
10/31/1930 0:00:00,6570,"38,000","78,900","94,789","21,300",572750
11/30/1930 0:00:00,5335,"30,000","35,200","51,225","17,300",421345
12/31/1930 0:00:00,6185,"29,000","28,300","32,007","16,800",285543
1/31/1931 0:00:00,4621,"23,000","18,500","35,554","13,800",263522
2/28/1931 0:00:00,3444,"21,000","20,400","41,971","17,700",366317
3/31/1931 0:00:00,3657,"27,000","35,700","72,325","28,500",443955
4/30/1931 0:00:00,8812,"44,000","55,500","106,965","77,700",712221
5/31/1931 0:00:00,15833,"70,014","81,400","147,681","168,000",1515196
6/30/1931 0:00:00,23358,"112,394","163,900","183,122","142,853",2105243
7/31/1931 0:00:00,10701,"56,547","72,600","102,800","66,858",1117417
8/31/1931 0:00:00,6624,"45,870","54,500","78,151","45,624",646449
9/30/1931 0:00:00,8268,"25,938","31,900","41,111","50,000",418724
10/31/1931 0:00:00,5800,"31,200","27,600","28,364","66,300",540290
11/30/1931 0:00:00,5442,"30,000","23,400","31,610","30,700",366047
12/31/1931 0:00:00,4775,"28,000","18,900","26,725","19,200",259509
1/31/1932 0:00:00,4495,"23,000","16,000","36,771","19,400",283166
2/29/1932 0:00:00,3134,"19,000","18,900","44,483","59,500",567584
3/31/1932 0:00:00,4149,"27,000","38,600","96,074","150,000",718988
4/30/1932 0:00:00,11302,"85,000","76,600","175,287","384,000",1774718
5/31/1932 0:00:00,35130,"280,010","201,800","387,881","486,500",4465792
6/30/1932 0:00:00,53328,"320,128","365,400","574,008","390,442",4265119
7/31/1932 0:00:00,30366,"171,821","274,900","367,325","193,742",2612448
8/31/1932 0:00:00,13104,"87,935","107,600","149,023","118,014",1298785
9/30/1932 0:00:00,9431,"40,738","50,000","74,987","44,900",657063
10/31/1932 0:00:00,6503,"27,000","38,700","44,788","24,700",367933
11/30/1932 0:00:00,5468,"33,000","31,500","41,106","16,900",377363
12/31/1932 0:00:00,5192,"25,000","23,500","28,404","14,900",276082
1/31/1933 0:00:00,3342,"21,000","16,700","32,066","17,900",268596
2/28/1933 0:00:00,3110,"17,000","18,900","35,506","17,500",253914
3/31/1933 0:00:00,4289,"36,000","29,900","60,530","39,700",503603
4/30/1933 0:00:00,8464,"44,000","55,700","102,727","53,300",579969
5/31/1933 0:00:00,21594,"176,010","93,500","194,498","148,600",1743460
6/30/1933 0:00:00,53471,"341,728","397,100","622,626","280,367",4801705
7/31/1933 0:00:00,18645,"100,326","169,400","224,673","89,001",1823753
8/31/1933 0:00:00,7931,"66,370","68,400","106,937","45,801",775347
9/30/1933 0:00:00,5201,"34,638","37,000","57,990","63,000",541019
10/31/1933 0:00:00,5006,"28,300","29,600","49,513","40,100",435826
11/30/1933 0:00:00,4606,"30,000","27,600","37,499","20,900",297560
12/31/1933 0:00:00,5412,"28,000","26,700","31,949","17,200",336431
1/31/1934 0:00:00,3915,"23,000","19,100","28,847","18,100",299475
2/28/1934 0:00:00,2790,"21,000","23,500","37,822","17,500",296945
3/31/1934 0:00:00,3361,"32,000","33,700","47,255","38,600",356855
4/30/1934 0:00:00,5104,"58,000","24,700","60,869","94,900",584844
5/31/1934 0:00:00,20364,"125,856","87,800","82,398","101,500",1509729
6/30/1934 0:00:00,10756,"59,174","75,200","117,169","40,021",1012200
7/31/1934 0:00:00,7127,"45,582","62,300","90,987","40,632",685711
8/31/1934 0:00:00,4455,"46,270","42,500","59,254","31,539",500747
9/30/1934 0:00:00,6448,"24,138","24,900","43,063","28,900",273377
10/31/1934 0:00:00,3837,"18,400","22,200","38,410","12,400",211958
11/30/1934 0:00:00,1714,"6,000","19,100","31,240","12,200",179678
12/31/1934 0:00:00,4827,"24,000","18,900","22,052","12,200",229039
1/31/1935 0:00:00,2857,"21,000","18,400","28,578","13,900",256895
2/28/1935 0:00:00,3075,"17,000","19,200","37,005","20,500",273633
3/31/1935 0:00:00,3901,"30,000","32,000","66,316","50,000",348946
4/30/1935 0:00:00,5207,"48,000","55,400","107,522","203,500",703982
5/31/1935 0:00:00,16899,"128,010","94,000","208,956","313,600",1659496
6/30/1935 0:00:00,54913,"404,228","405,200","594,827","584,918",4722051
7/31/1935 0:00:00,25983,"147,253","183,200","249,715","233,173",2171914
8/31/1935 0:00:00,9998,"79,832","75,900","120,043","101,620",919185
9/30/1935 0:00:00,6875,"46,738","38,600","59,816","69,400",572163
10/31/1935 0:00:00,6798,"36,400","25,900","30,157","35,700",385872
11/30/1935 0:00:00,4635,"30,000","25,400","33,830","22,200",321744
12/31/1935 0:00:00,4115,"20,000","18,400","24,521","14,400",272346
1/31/1936 0:00:00,4456,"22,000","16,800","35,536","14,200",268006
2/29/1936 0:00:00,3264,"20,000","22,000","45,257","13,200",320027
3/31/1936 0:00:00,4138,"30,000","33,700","99,235","92,200",467293
4/30/1936 0:00:00,12791,"175,000","134,500","290,868","248,500",1465536
5/31/1936 0:00:00,46288,"395,610","407,600","612,537","289,500",4139077
6/30/1936 0:00:00,33466,"240,917","530,700","659,017","124,629",3372480
7/31/1936 0:00:00,22924,"105,147","198,400","274,133","58,867",1631641
8/31/1936 0:00:00,13615,"102,470","153,800","223,149","83,416",1205683
9/30/1936 0:00:00,10286,"49,838","57,100","92,335","63,200",671727
10/31/1936 0:00:00,6670,"36,600","42,600","68,404","32,400",368541
11/30/1936 0:00:00,4268,"28,000","34,600","51,578","37,100",433435
12/31/1936 0:00:00,4836,"20,000","29,000","32,920","19,900",317678
1/31/1937 0:00:00,3463,"20,000","22,800","35,477","17,200",201426
2/28/1937 0:00:00,3373,"20,000","21,300","34,778","22,200",410110
3/31/1937 0:00:00,3562,"26,000","35,400","92,979","104,100",658450
4/30/1937 0:00:00,5340,"104,000","145,300","247,627","388,900",1594216
5/31/1937 0:00:00,33013,"329,010","246,400","399,007","472,700",3944714
6/30/1937 0:00:00,32542,"189,528","290,900","356,631","260,166",2999795
7/31/1937 0:00:00,16963,"94,786","230,700","278,147","99,678",1865597
8/31/1937 0:00:00,8472,"59,870","89,200","130,084","52,211",797151
9/30/1937 0:00:00,8398,"33,138","48,300","71,438","24,500",568041
10/31/1937 0:00:00,7003,"38,700","37,700","60,395","28,300",497824
11/30/1937 0:00:00,5298,"31,700","28,000","39,725","19,400",378744
12/31/1937 0:00:00,5509,"24,900","25,100","30,443","13,700",387864
1/31/1938 0:00:00,3878,"24,900","21,800","34,955","15,900",328744
2/28/1938 0:00:00,3597,"21,600","23,100","44,141","16,800",352001
3/31/1938 0:00:00,4138,"33,800","33,500","72,677","100,900",773246
4/30/1938 0:00:00,10337,"131,800","138,000","235,212","281,300",1725164
5/31/1938 0:00:00,30126,"274,710","197,400","351,304","353,600",3725399
6/30/1938 0:00:00,51608,"446,928","452,500","628,252","436,395",5360852
7/31/1938 0:00:00,24639,"165,117","245,800","306,048","141,891",2424331
8/31/1938 0:00:00,9348,"80,270","105,800","165,083","53,546",960014
9/30/1938 0:00:00,9524,"63,638","77,000","110,130","97,612",1004270
10/31/1938 0:00:00,9072,"50,300","77,300","107,670","64,200",589216
11/30/1938 0:00:00,5145,"39,300","46,000","69,940","30,200",473004
12/31/1938 0:00:00,5437,"26,900","37,700","46,465","19,100",405653
1/31/1939 0:00:00,5237,"25,700","30,500","47,306","16,800",343228
2/28/1939 0:00:00,4488,"18,100","26,200","47,053","13,500",302236
3/31/1939 0:00:00,4786,"51,200","63,500","137,655","95,700",809777
4/30/1939 0:00:00,10282,"102,200","73,900","151,665","148,800",1250651
5/31/1939 0:00:00,38963,"249,513","202,700","263,063","225,405",2975185
6/30/1939 0:00:00,26948,"178,296","195,200","263,957","117,016",2268860
7/31/1939 0:00:00,10305,"69,736","134,900","179,840","44,221",1050986
8/31/1939 0:00:00,5470,"56,470","84,800","121,125","33,331",585937
9/30/1939 0:00:00,5664,"38,238","41,400","62,089","56,200",644975
10/31/1939 0:00:00,4296,"26,000","32,700","50,765","21,000",343706
11/30/1939 0:00:00,3580,"26,200","24,600","32,516","20,600",308677
12/31/1939 0:00:00,2115,"22,500","26,200","27,066","12,900",283053
1/31/1940 0:00:00,3130,"19,900","21,700","28,866","14,300",261698
2/29/1940 0:00:00,3111,"16,000","22,200","25,659","18,700",298277
3/31/1940 0:00:00,3761,"28,900","36,300","53,901","51,100",425689
4/30/1940 0:00:00,7698,"64,300","30,100","69,871","98,300",780974
5/31/1940 0:00:00,23600,"173,556","93,100","197,436","189,387",2559692
6/30/1940 0:00:00,15400,"147,064","160,400","218,618","88,513",2218883
7/31/1940 0:00:00,4888,"51,590","53,500","93,790","46,606",940183
8/31/1940 0:00:00,4695,"42,370","45,700","72,924","34,269",494824
9/30/1940 0:00:00,4550,"28,338","26,200","42,374","38,400",507262
10/31/1940 0:00:00,5180,"28,500","35,800","58,359","62,187",721330
11/30/1940 0:00:00,3795,"27,200","26,600","37,103","27,000",407612
12/31/1940 0:00:00,3315,"20,700","26,700","32,991","23,500",365250
1/31/1941 0:00:00,3476,"21,800","21,700","31,814","22,100",350022
2/28/1941 0:00:00,3211,"20,600","19,900","31,540","48,400",416080
3/31/1941 0:00:00,3738,"29,000","37,300","83,859","121,000",668639
4/30/1941 0:00:00,4491,"54,700","82,400","163,394","275,000",1151420
5/31/1941 0:00:00,31982,"319,569","176,600","294,772","821,300",5436441
6/30/1941 0:00:00,39635,"334,169","353,800","441,289","618,048",4589254
7/31/1941 0:00:00,16330,"167,761","171,400","222,662","330,657",2362403
8/31/1941 0:00:00,7375,"83,129","103,800","150,608","93,922",1147302
9/30/1941 0:00:00,4717,"34,452","48,300","76,671","86,585",653866
10/31/1941 0:00:00,8140,"64,700","62,100","84,566","261,100",1781828
11/30/1941 0:00:00,4644,"45,800","46,700","67,985","91,800",893939
12/31/1941 0:00:00,3951,"34,000","27,000","33,547","43,300",567742
1/31/1942 0:00:00,3452,"26,300","22,800","35,956","33,600",410239
2/28/1942 0:00:00,4144,"22,200","16,800","34,383","27,900",393794
3/31/1942 0:00:00,3952,"29,800","36,400","86,007","65,700",646388
4/30/1942 0:00:00,10302,"154,000","163,900","267,345","422,300",2925816
5/31/1942 0:00:00,25120,"293,010","152,400","275,819","334,400",3586298
6/30/1942 0:00:00,57159,"415,128","355,900","508,736","340,697",4839156
7/31/1942 0:00:00,21358,"159,210","233,600","302,987","106,846",2019205
8/31/1942 0:00:00,9824,"79,970","100,600","136,222","42,184",875590
9/30/1942 0:00:00,4518,"31,138","43,600","62,332","24,128",393152
10/31/1942 0:00:00,5177,"27,400","30,600","39,216","16,100",346604
11/30/1942 0:00:00,3991,"28,700","26,300","36,088","18,000",365731
12/31/1942 0:00:00,5574,"27,500","26,300","31,310","15,700",361812
1/31/1943 0:00:00,4327,"22,800","26,800","37,494","17,100",339375
2/28/1943 0:00:00,3477,"20,700","26,900","48,648","24,600",336518
3/31/1943 0:00:00,4231,"29,300","44,000","121,956","58,700",523944
4/30/1943 0:00:00,13504,"169,400","177,000","304,036","201,900",1680079
5/31/1943 0:00:00,30031,"242,166","241,000","356,602","197,316",2483874
6/30/1943 0:00:00,46672,"292,702","498,800","677,854","151,721",3376876
7/31/1943 0:00:00,19098,"137,490","379,900","457,775","75,474",2074446
8/31/1943 0:00:00,13236,"108,070","150,600","195,044","57,810",1136590
9/30/1943 0:00:00,6426,"56,038","65,700","96,229","25,212",587709
10/31/1943 0:00:00,6325,"35,500","47,500","76,646","17,800",373350
11/30/1943 0:00:00,4991,"36,700","39,400","53,980","20,700",429906
12/31/1943 0:00:00,4174,"25,100","30,200","36,742","19,300",373574
1/31/1944 0:00:00,3474,"21,400","25,000","36,746","14,100",286268
2/29/1944 0:00:00,3577,"22,800","24,600","47,017","14,400",336371
3/31/1944 0:00:00,4774,"27,700","31,500","107,285","40,200",470091
4/30/1944 0:00:00,4675,"56,700","215,600","332,893","147,100",1050492
5/31/1944 0:00:00,25640,"323,710","161,400","277,432","423,600",3684541
6/30/1944 0:00:00,43360,"398,828","361,200","581,119","422,548",4815628
7/31/1944 0:00:00,16400,"187,044","258,800","342,729","159,364",2462721
8/31/1944 0:00:00,6322,"74,685","99,800","139,700","39,895",820700
9/30/1944 0:00:00,4205,"25,538","38,800","65,034","12,086",319005
10/31/1944 0:00:00,4386,"31,700","38,700","44,739","30,500",368992
11/30/1944 0:00:00,3807,"29,200","30,300","42,296","23,400",372201
12/31/1944 0:00:00,2715,"23,100","21,900","29,745","16,400",309893
1/31/1945 0:00:00,3215,"24,600","23,500","43,168","16,300",328314
2/28/1945 0:00:00,2955,"21,400","25,100","50,652","24,800",348379
3/31/1945 0:00:00,3515,"26,900","35,400","82,121","42,600",417545
4/30/1945 0:00:00,5848,"51,700","69,400","138,867","155,900",804371
5/31/1945 0:00:00,24237,"233,710","120,700","210,629","341,900",3255617
6/30/1945 0:00:00,31972,"244,328","250,800","372,016","237,937",3477253
7/31/1945 0:00:00,18529,"156,925","310,500","401,670","89,685",2445270
8/31/1945 0:00:00,11771,"111,270","150,100","206,827","49,756",1431286
9/30/1945 0:00:00,6083,"37,938","74,100","108,399","7,920",481097
10/31/1945 0:00:00,4865,"36,000","55,000","62,235","27,100",521528
11/30/1945 0:00:00,4096,"31,900","37,100","41,251","15,800",429534
12/31/1945 0:00:00,3255,"24,300","31,600","38,892","11,000",317955
1/31/1946 0:00:00,3852,"22,700","30,300","40,507","13,800",338315
2/28/1946 0:00:00,2744,"19,800","24,000","42,620","14,900",308656
3/31/1946 0:00:00,3152,"33,000","41,000","110,815","26,400",497646
4/30/1946 0:00:00,10559,"95,400","143,100","251,871","85,200",1227261
5/31/1946 0:00:00,18415,"141,542","215,500","359,623","89,200",1979996
6/30/1946 0:00:00,38350,"251,707","335,900","463,584","131,341",2754017
7/31/1946 0:00:00,11596,"97,717","186,800","245,254","39,144",1381140
8/31/1946 0:00:00,6299,"60,905","99,900","147,580","41,963",814739
9/30/1946 0:00:00,3245,"27,282","50,700","74,621","24,787",429471
10/31/1946 0:00:00,5143,"34,900","53,200","71,387","35,000",426221
11/30/1946 0:00:00,4106,"29,500","46,800","63,519","29,100",467621
12/31/1946 0:00:00,3582,"22,600","42,800","50,786","19,900",411605
1/31/1947 0:00:00,3074,"19,000","26,900","42,811","15,400",265012
2/28/1947 0:00:00,3261,"18,800","26,800","58,159","19,800",337511
3/31/1947 0:00:00,3946,"27,800","77,800","173,848","33,500",634786
4/30/1947 0:00:00,5493,"66,400","84,700","196,306","54,800",866015
5/31/1947 0:00:00,34937,"303,590","341,700","503,665","226,000",3702981
6/30/1947 0:00:00,50460,"333,301","429,700","556,809","174,066",3795350
7/31/1947 0:00:00,30474,"217,336","348,100","416,224","70,100",2677593
8/31/1947 0:00:00,10975,"103,270","188,600","234,155","92,863",1511965
9/30/1947 0:00:00,8572,"66,438","79,900","107,906","62,900",754605
10/31/1947 0:00:00,8081,"53,000","67,500","100,301","69,300",822944
11/30/1947 0:00:00,5560,"40,300","53,500","72,054","32,100",571046
12/31/1947 0:00:00,4633,"33,300","40,500","50,327","20,200",440793
1/31/1948 0:00:00,4579,"27,000","29,500","43,293","20,200",372936
2/29/1948 0:00:00,4242,"25,300","21,200","48,685","26,200",424395
3/31/1948 0:00:00,4779,"29,200","41,800","93,690","37,200",581990
4/30/1948 0:00:00,8036,"94,300","78,500","172,002","227,700",1708607
5/31/1948 0:00:00,46171,"431,910","200,900","366,979","393,100",4108490
6/30/1948 0:00:00,54498,"385,828","379,100","468,003","371,086",3909614
7/31/1948 0:00:00,18415,"155,020","155,200","208,806","102,336",1611566
8/31/1948 0:00:00,9473,"81,195","78,600","120,582","48,184",852879
9/30/1948 0:00:00,6397,"30,138","39,500","62,013","12,330",356405
10/31/1948 0:00:00,5925,"36,600","34,100","55,377","19,500",353187
11/30/1948 0:00:00,4766,"31,600","25,000","41,540","17,300",395870
12/31/1948 0:00:00,5013,"27,400","24,400","31,666","14,900",349159
1/31/1949 0:00:00,4828,"24,000","24,500","40,856","19,200",323922
2/28/1949 0:00:00,4360,"20,700","21,100","45,759","19,600",341251
3/31/1949 0:00:00,4551,"28,600","43,000","100,918","63,700",673055
4/30/1949 0:00:00,8722,"107,000","99,200","188,682","233,300",1439252
5/31/1949 0:00:00,23299,"257,700","214,100","363,399","349,900",3564293
6/30/1949 0:00:00,54836,"441,807","363,900","506,779","478,576",5184556
7/31/1949 0:00:00,27415,"235,368","217,700","288,288","217,162",2759686
8/31/1949 0:00:00,8859,"90,181","99,000","139,558","53,938",948988
9/30/1949 0:00:00,5501,"30,165","44,400","71,430","17,614",400298
10/31/1949 0:00:00,5995,"38,600","49,200","62,390","21,800",522751
11/30/1949 0:00:00,5310,"37,400","50,900","52,744","20,900",458617
12/31/1949 0:00:00,3817,"25,700","27,900","36,760","13,900",355922
1/31/1950 0:00:00,4536,"25,400","25,700","46,787","17,400",349824
2/28/1950 0:00:00,4171,"22,300","28,700","54,619","24,000",374692
3/31/1950 0:00:00,4520,"25,200","39,800","117,144","35,900",563807
4/30/1950 0:00:00,11031,"110,700","202,500","340,622","136,800",1281479
5/31/1950 0:00:00,22852,"168,620","249,100","425,075","149,100",2239709
6/30/1950 0:00:00,38675,"258,158","570,900","814,292","135,325",3862655
7/31/1950 0:00:00,13244,"105,158","418,400","518,360","52,654",1950714
8/31/1950 0:00:00,5121,"50,400","168,200","230,488","15,404",751542
9/30/1950 0:00:00,4248,"21,300","76,600","110,659","14,437",399789
10/31/1950 0:00:00,4676,"29,600","60,300","78,769","16,200",413820
11/30/1950 0:00:00,4203,"26,400","62,700","79,624","10,500",355486
12/31/1950 0:00:00,5868,"27,700","42,400","60,758","10,300",406352
1/31/1951 0:00:00,4368,"25,200","38,200","44,656","9,800",304993
2/28/1951 0:00:00,3694,"24,600","39,700","61,210","10,600",341914
3/31/1951 0:00:00,3710,"33,300","49,000","92,872","21,300",414822
4/30/1951 0:00:00,5664,"62,000","145,500","211,855","38,800",588687
5/31/1951 0:00:00,25054,"182,982","321,000","400,252","140,300",2133211
6/30/1951 0:00:00,45930,"297,797","510,400","678,214","125,227",3693973
7/31/1951 0:00:00,19521,"108,481","371,000","447,459","27,012",2155179
8/31/1951 0:00:00,9875,"70,274","216,300","285,957","33,790",1127697
9/30/1951 0:00:00,4864,"22,433","88,400","116,207","14,000",509573
10/31/1951 0:00:00,4570,"29,800","64,900","98,876","7,700",426832
11/30/1951 0:00:00,4646,"27,200","38,000","56,795","14,100",437328
12/31/1951 0:00:00,4730,"26,500","36,200","53,933","22,100",344670
1/31/1952 0:00:00,4630,"28,400","40,400","49,428","31,200",481218
2/29/1952 0:00:00,3622,"22,900","37,500","52,245","18,800",374985
3/31/1952 0:00:00,4474,"25,600","43,500","63,431","58,700",425813
4/30/1952 0:00:00,8035,"146,400","152,300","316,582","328,000",2449532
5/31/1952 0:00:00,41997,"376,014","301,000","603,176","435,400",5554490
6/30/1952 0:00:00,76414,"539,225","375,300","617,022","506,963",6221122
7/31/1952 0:00:00,25770,"181,115","193,300","301,798","148,290",2249717
8/31/1952 0:00:00,13694,"114,502","115,500","169,464","65,701",1214481
9/30/1952 0:00:00,8455,"50,408","58,500","83,984","25,706",669865
10/31/1952 0:00:00,5044,"38,900","36,200","52,521","12,600",365807
11/30/1952 0:00:00,3550,"30,700","24,900","36,934","14,300",365949
12/31/1952 0:00:00,5374,"31,500","25,200","34,017","18,800",368640
1/31/1953 0:00:00,4874,"28,000","29,100","47,643","19,100",398606
2/28/1953 0:00:00,3599,"20,100","30,200","48,218","16,200",355363
3/31/1953 0:00:00,3980,"32,100","41,400","72,823","40,200",450303
4/30/1953 0:00:00,5312,"49,600","70,400","95,921","88,500",569997
5/31/1953 0:00:00,19173,"143,100","67,100","109,906","138,000",1342116
6/30/1953 0:00:00,50034,"338,978","370,500","506,210","186,407",3943396
7/31/1953 0:00:00,17146,"122,783","229,000","301,743","44,857",1601452
8/31/1953 0:00:00,9233,"78,612","123,000","168,191","28,639",1001118
9/30/1953 0:00:00,3252,"24,600","44,400","63,421","3,834",392108
10/31/1953 0:00:00,3297,"29,500","30,700","36,707","14,000",310801
11/30/1953 0:00:00,4917,"34,400","31,900","41,756","24,600",419779
12/31/1953 0:00:00,3614,"27,800","23,300","31,529","15,200",338254
1/31/1954 0:00:00,3425,"23,300","25,400","27,907","13,100",313599
2/28/1954 0:00:00,3250,"21,500","29,300","39,045","20,800",329977
3/31/1954 0:00:00,3362,"26,600","36,300","61,628","32,500",380026
4/30/1954 0:00:00,11492,"54,000","65,000","100,840","110,700",705647
5/31/1954 0:00:00,26056,"100,507","287,100","315,665","185,918",1804002
6/30/1954 0:00:00,20424,"90,967","253,200","273,175","88,745",1385207
7/31/1954 0:00:00,11360,"81,300","260,600","351,389","66,833",1206426
8/31/1954 0:00:00,3913,"49,600","107,800","138,552","51,457",639193
9/30/1954 0:00:00,1698,"23,000","47,000","61,012","37,694",471089
10/31/1954 0:00:00,5502,"35,600","36,300","44,429","12,762",555384
11/30/1954 0:00:00,3850,"26,100","33,200","40,848","7,840",346374
12/31/1954 0:00:00,3876,"25,200","18,400","19,874","13,910",287298
1/31/1955 0:00:00,3576,"21,900","19,800","24,060","13,319",255833
2/28/1955 0:00:00,3028,"15,400","19,100","24,575","13,254",249237
3/31/1955 0:00:00,3338,"19,600","27,900","43,597","28,925",562115
4/30/1955 0:00:00,8003,"62,200","59,900","106,215","51,803",710931
5/31/1955 0:00:00,23176,"134,726","128,700","175,479","158,181",1993763
6/30/1955 0:00:00,34916,"188,538","265,800","338,656","161,279",2341513
7/31/1955 0:00:00,11622,"79,335","154,100","217,287","42,268",1174836
8/31/1955 0:00:00,10194,"73,520","91,500","123,776","80,627",885416
9/30/1955 0:00:00,2334,"9,487","38,700","50,953","18,904",346535
10/31/1955 0:00:00,4603,"19,900","30,800","39,191","4,976",219232
11/30/1955 0:00:00,3909,"26,100","25,100","36,180","12,028",275966
12/31/1955 0:00:00,4038,"29,300","32,100","45,414","16,483",342792
1/31/1956 0:00:00,3538,"23,800","38,400","50,031","17,574",365004
2/29/1956 0:00:00,3522,"18,900","29,700","37,488","15,949",280978
3/31/1956 0:00:00,3576,"27,900","65,700","149,673","52,506",571749
4/30/1956 0:00:00,6025,"84,400","130,200","202,810","91,134",1053972
5/31/1956 0:00:00,35825,"235,027","306,800","377,893","212,172",2926653
6/30/1956 0:00:00,47772,"242,968","571,200","693,386","153,098",3504889
7/31/1956 0:00:00,10162,"70,400","223,100","295,669","31,599",1112262
8/31/1956 0:00:00,8101,"46,600","124,600","169,243","18,269",680002
9/30/1956 0:00:00,4939,"13,500","59,600","75,540",579,288849
10/31/1956 0:00:00,3235,"23,400","42,700","51,674","1,080",191413
11/30/1956 0:00:00,4332,"27,600","35,500","38,626","12,245",302744
12/31/1956 0:00:00,3599,"22,800","26,100","25,587","9,587",259496
1/31/1957 0:00:00,3899,"21,100","22,600","27,868","14,685",297651
2/28/1957 0:00:00,3522,"21,800","27,700","42,962","31,263",333983
3/31/1957 0:00:00,3599,"26,800","45,100","65,704","47,924",474125
4/30/1957 0:00:00,4527,"73,700","54,600","86,063","135,499",878830
5/31/1957 0:00:00,19560,"232,500","186,100","271,835","235,709",2889416
6/30/1957 0:00:00,86341,"682,734","494,300","735,944","560,807",6790968
7/31/1957 0:00:00,74898,"463,454","385,400","525,007","357,124",4858314
8/31/1957 0:00:00,26070,"188,000","135,000","201,861","167,113",1949273
9/30/1957 0:00:00,11036,"71,000","70,000","98,816","58,442",985205
10/31/1957 0:00:00,7466,"46,000","57,800","78,298","51,333",746112
11/30/1957 0:00:00,7340,"43,000","44,900","57,009","60,931",810958
12/31/1957 0:00:00,5980,"41,100","41,600","45,660","36,477",498026
1/31/1958 0:00:00,5398,"32,100","32,600","43,398","24,258",390894
2/28/1958 0:00:00,5032,"28,300","41,000","55,081","53,216",527759
3/31/1958 0:00:00,5056,"31,600","42,200","65,940","79,267",671134
4/30/1958 0:00:00,2921,"95,400","85,500","134,241","285,975",1610427
5/31/1958 0:00:00,37781,"457,998","290,500","410,722","481,269",4780048
6/30/1958 0:00:00,38333,"380,203","284,100","413,898","322,323",4500477
7/31/1958 0:00:00,9417,"100,639","119,800","168,901","59,297",1257846
8/31/1958 0:00:00,7121,"67,114","75,900","103,528","29,788",653520
9/30/1958 0:00:00,3907,"34,900","43,400","55,233","33,132",423615
10/31/1958 0:00:00,4116,"28,600","31,300","39,326","17,075",328067
11/30/1958 0:00:00,3950,"31,100","30,000","34,104","19,115",354498
12/31/1958 0:00:00,4092,"27,300","29,400","37,993","14,935",361726
1/31/1959 0:00:00,3916,"25,200","21,800","29,256","11,669",304845
2/28/1959 0:00:00,3655,"22,600","22,700","31,696","15,501",305145
3/31/1959 0:00:00,3668,"26,500","36,300","65,078","18,690",354366
4/30/1959 0:00:00,6041,"51,200","59,800","98,479","41,260",487365
5/31/1959 0:00:00,16509,"121,801","77,100","118,815","104,452",1422316
6/30/1959 0:00:00,37842,"237,427","368,700","429,195","116,510",2877629
7/31/1959 0:00:00,9942,"75,391","171,500","271,363","29,042",1389991
8/31/1959 0:00:00,6544,"53,717","102,700","137,569","41,615",736482
9/30/1959 0:00:00,2995,"19,800","43,000","62,714","7,487",322670
10/31/1959 0:00:00,7166,"51,100","50,200","67,876","66,266",555144
11/30/1959 0:00:00,4777,"37,700","37,700","50,654","47,251",509873
12/31/1959 0:00:00,3746,"25,100","28,200","37,307","22,698",354067
1/31/1960 0:00:00,2883,"23,300","24,600","26,182","16,880",285975
2/29/1960 0:00:00,3622,"25,100","20,000","28,760","17,250",308663
3/31/1960 0:00:00,3981,"47,400","54,200","148,721","179,920",742510
4/30/1960 0:00:00,11855,"138,200","78,500","140,192","246,540",1748018
5/31/1960 0:00:00,21362,"160,424","68,700","139,665","228,686",2032109
6/30/1960 0:00:00,51183,"286,033","198,900","281,906","283,404",3235688
7/31/1960 0:00:00,16710,"104,471","116,800","165,830","75,088",1321275
8/31/1960 0:00:00,8052,"60,485","54,400","77,510","25,480",563700
9/30/1960 0:00:00,2407,"23,006","34,900","49,863","12,210",320255
10/31/1960 0:00:00,4283,"28,900","43,900","49,967","20,545",355068
11/30/1960 0:00:00,4191,"26,400","39,800","54,034","19,277",349739
12/31/1960 0:00:00,3978,"25,400","25,300","26,757","15,789",266387
1/31/1961 0:00:00,3678,"21,100","21,500","27,674","12,391",246005
2/28/1961 0:00:00,2846,"18,300","20,300","27,334","16,158",312749
3/31/1961 0:00:00,3415,"29,800","30,500","63,930","45,364",373366
4/30/1961 0:00:00,5837,"47,200","50,200","81,524","127,358",636851
5/31/1961 0:00:00,26676,"173,005","71,800","97,675","251,066",1695847
6/30/1961 0:00:00,30597,"198,559","210,100","284,210","153,050",2510332
7/31/1961 0:00:00,8012,"69,261","87,100","126,976","44,497",924536
8/31/1961 0:00:00,5157,"69,200","52,100","76,816","55,769",696176
9/30/1961 0:00:00,11621,"61,400","42,100","60,251","54,697",832005
10/31/1961 0:00:00,11301,"63,500","42,500","64,166","50,386",802533
11/30/1961 0:00:00,7082,"46,100","31,700","54,458","36,120",545887
12/31/1961 0:00:00,6121,"32,100","27,900","44,587","17,921",374486
1/31/1962 0:00:00,5345,"30,300","32,000","43,343","17,412",337574
2/28/1962 0:00:00,4905,"28,900","32,600","84,494","43,950",729411
3/31/1962 0:00:00,4407,"30,300","38,600","150,560","44,474",620161
4/30/1962 0:00:00,16060,"184,600","182,000","388,462","236,126",2585277
5/31/1962 0:00:00,41018,"328,505","262,300","407,112","256,844",4111052
6/30/1962 0:00:00,57261,"355,148","386,700","520,292","221,001",3887117
7/31/1962 0:00:00,30912,"196,737","279,500","388,209","101,547",2487676
8/31/1962 0:00:00,10122,"79,994","133,300","182,966","22,084",884750
9/30/1962 0:00:00,4538,"31,942","49,100","63,658","10,846",394885
10/31/1962 0:00:00,6377,"36,100","44,300","49,180","36,193",542207
11/30/1962 0:00:00,5021,"30,200","41,600","46,555","25,875",434429
12/31/1962 0:00:00,4576,"23,900","24,000","33,300","18,953",343926
1/31/1963 0:00:00,4176,"21,500","18,000","23,390","15,119",202192
2/28/1963 0:00:00,3872,"24,300","19,900","39,062","36,791",368705
3/31/1963 0:00:00,4315,"45,700","40,100","53,996","71,658",572022
4/30/1963 0:00:00,9949,"69,000","49,400","72,556","122,090",769091
5/31/1963 0:00:00,27731,"160,900","108,300","135,805","186,119",1860875
6/30/1963 0:00:00,17927,"112,963","349,700","417,763","59,466",1828576
7/31/1963 0:00:00,5779,"71,425","190,700","250,993","29,157",887456
8/31/1963 0:00:00,8158,"59,000","92,200","127,789","27,320",659621
9/30/1963 0:00:00,4917,"39,200","83,200","102,308","36,512",646109
10/31/1963 0:00:00,4064,"25,800","51,800","65,590","13,970",289986
11/30/1963 0:00:00,3951,"30,600","42,000","52,847","10,448",318158
12/31/1963 0:00:00,2669,"22,300","27,000","32,687","4,270",227749
1/31/1964 0:00:00,2747,"18,500","19,000","26,238","5,455",227247
2/29/1964 0:00:00,2622,"19,400","20,000","29,583","7,546",233631
3/31/1964 0:00:00,3258,"22,000","28,000","41,507","18,200",292967
4/30/1964 0:00:00,4862,"50,300","55,000","131,737","65,573",619011
5/31/1964 0:00:00,26177,"219,668","133,000","312,937","201,964",2430315
6/30/1964 0:00:00,28947,"229,819","353,200","532,497","97,635",2902376
7/31/1964 0:00:00,12139,"118,508","345,300","450,539","46,303",1664574
8/31/1964 0:00:00,9293,"85,857","101,600","141,532","78,526",847351
9/30/1964 0:00:00,4412,"36,393","45,700","56,879","23,790",327988
10/31/1964 0:00:00,3764,"24,730","29,000","29,297","14,928",250557
11/30/1964 0:00:00,3948,"29,800","34,000","28,918","13,678",290015
12/31/1964 0:00:00,4499,"27,900","34,000","38,965","15,838",328025
1/31/1965 0:00:00,4599,"28,000","36,000","38,964","23,008",342215
2/28/1965 0:00:00,3744,"22,300","29,000","57,864","23,391",345973
3/31/1965 0:00:00,3604,"28,800","33,000","62,862","40,940",393393
4/30/1965 0:00:00,4440,"92,500","116,000","192,824","254,733",1342599
5/31/1965 0:00:00,28175,"265,994","195,000","395,811","363,431",3336138
6/30/1965 0:00:00,61842,"452,955","605,500","1,016,379","452,076",5562406
7/31/1965 0:00:00,50471,"339,898","475,700","675,320","272,375",3750056
8/31/1965 0:00:00,20496,"148,244","198,300","290,475","69,368",1552006
9/30/1965 0:00:00,11110,"86,500","103,900","129,292","61,778",865586
10/31/1965 0:00:00,9981,"56,900","99,000","120,497","49,420",845065
11/30/1965 0:00:00,7169,"45,100","72,000","77,856","31,873",560645
12/31/1965 0:00:00,7005,"40,300","53,000","46,664","35,963",520577
1/31/1966 0:00:00,4890,"33,900","53,000","48,342","24,490",392813
2/28/1966 0:00:00,4532,"31,200","42,000","41,523","21,491",364477
3/31/1966 0:00:00,4339,"47,000","46,000","109,330","161,149",934639
4/30/1966 0:00:00,9960,"88,800","108,000","191,877","191,563",1247012
5/31/1966 0:00:00,30437,"196,005","147,000","266,111","312,191",2431492
6/30/1966 0:00:00,24294,"167,164","176,300","244,505","173,049",1843730
7/31/1966 0:00:00,12056,"94,089","141,500","193,163","59,750",1010284
8/31/1966 0:00:00,7612,"60,256","82,100","95,535","35,946",560905
9/30/1966 0:00:00,5198,"20,827","49,700","51,469","10,169",349087
10/31/1966 0:00:00,5405,"28,750","36,400","46,068","7,423",318330
11/30/1966 0:00:00,3832,"28,100","38,000","40,665","13,073",332153
12/31/1966 0:00:00,3992,"27,700","33,000","26,993","35,080",377204
1/31/1967 0:00:00,4151,"22,200","30,000","23,316","11,312",274882
2/28/1967 0:00:00,3677,"21,100","31,000","33,317","20,758",319861
3/31/1967 0:00:00,4094,"41,100","44,000","78,583","53,957",547277
4/30/1967 0:00:00,9372,"52,700","72,000","100,444","52,015",582418
5/31/1967 0:00:00,27049,"159,123","145,000","248,982","151,551",1846928
6/30/1967 0:00:00,37550,"214,610","481,200","705,391","154,660",3837961
7/31/1967 0:00:00,18196,"111,159","465,700","607,661","73,126",2033017
8/31/1967 0:00:00,7896,"62,238","133,700","177,223","88,042",835002
9/30/1967 0:00:00,9902,"41,453","63,500","72,300","44,463",403511
10/31/1967 0:00:00,6050,"27,667","54,800","48,931","12,287",259909
11/30/1967 0:00:00,3563,"27,500","45,000","41,917","9,792",325508
12/31/1967 0:00:00,4582,"19,100","37,000","27,859","9,204",239190
1/31/1968 0:00:00,4397,"19,500","35,000","26,603","11,965",321818
2/29/1968 0:00:00,3748,"20,400","31,000","42,854","17,488",387655
3/31/1968 0:00:00,4455,"26,700","43,000","80,632","34,079",494565
4/30/1968 0:00:00,4683,"44,500","70,000","114,440","74,065",619493
5/31/1968 0:00:00,20736,"180,618","90,000","162,780","220,254",2211325
6/30/1968 0:00:00,44564,"358,035","404,700","644,241","334,514",4952291
7/31/1968 0:00:00,16551,"126,855","224,500","300,602","84,812",1696878
8/31/1968 0:00:00,18956,"137,585","170,700","189,556","140,408",1420247
9/30/1968 0:00:00,7569,"33,970","104,700","107,595","12,210",409746
10/31/1968 0:00:00,4632,"31,614","73,000","74,390","10,402",432170
11/30/1968 0:00:00,4934,"24,900","47,000","48,455","13,850",394573
12/31/1968 0:00:00,3979,"14,400","40,000","30,375","8,327",313739
1/31/1969 0:00:00,4636,"16,500","34,000","28,637","23,089",400614
2/28/1969 0:00:00,4282,"18,500","21,000","27,690","17,251",361125
3/31/1969 0:00:00,4011,"13,900","37,000","93,810","47,295",545552
4/30/1969 0:00:00,11263,"118,326","176,000","299,571","210,018",1911511
5/31/1969 0:00:00,35956,"278,091","291,400","453,410","320,851",3765327
6/30/1969 0:00:00,39721,"229,834","300,200","425,742","244,222",2892809
7/31/1969 0:00:00,25779,"167,313","200,500","268,269","155,227",1991603
8/31/1969 0:00:00,10894,"83,801","113,800","145,876","68,445",858936
9/30/1969 0:00:00,7535,"38,236","42,500","43,427","68,308",584544
10/31/1969 0:00:00,8993,"66,107","39,000","8,685","71,638",694039
11/30/1969 0:00:00,5966,"29,300","32,000","36,083","43,028",518108
12/31/1969 0:00:00,5317,"22,100","25,000","15,989","28,412",391796
1/31/1970 0:00:00,5391,"19,100","23,000","34,406","16,254",357892
2/28/1970 0:00:00,4283,"15,000","26,000","38,658","16,630",347394
3/31/1970 0:00:00,3997,"24,900","29,000","54,227","22,937",421423
4/30/1970 0:00:00,2875,"70,900","40,000","87,053","51,961",585390
5/31/1970 0:00:00,50598,"455,608","118,600","233,059","238,445",3676415
6/30/1970 0:00:00,50628,"330,145","339,200","554,476","165,545",4071363
7/31/1970 0:00:00,23880,"164,768","190,800","271,925","72,075",1983374
8/31/1970 0:00:00,11704,"96,482","76,300","105,922","50,281",889796
9/30/1970 0:00:00,16651,"110,412","42,100","64,806","218,651",1118818
10/31/1970 0:00:00,11522,"56,583","37,000","91,207","39,574",613981
11/30/1970 0:00:00,6878,"39,000","39,000","54,460","27,562",489041
12/31/1970 0:00:00,5343,"23,200","28,000","31,347","14,883",393108
1/31/1971 0:00:00,6121,"33,937","32,358","69,318","27,156",432215
2/28/1971 0:00:00,4709,"28,626","32,972","68,596","36,106",457780
3/31/1971 0:00:00,5831,"55,334","46,835","107,018","54,109",609611
4/30/1971 0:00:00,13992,"109,706","90,322","195,429","95,141",1356862
5/31/1971 0:00:00,19932,"161,512","269,626","499,827","111,331",2482469
6/30/1971 0:00:00,47464,"298,952","644,113","899,060","138,671",4370654
7/31/1971 0:00:00,24823,"146,125","326,247","436,409","35,229",2086881
8/31/1971 0:00:00,12398,"77,250","147,869","187,064","27,602",926100
9/30/1971 0:00:00,8397,"52,500","76,977","89,692","12,443",621938
10/31/1971 0:00:00,8414,"42,532","63,838","90,382","51,240",651742
11/30/1971 0:00:00,5387,"37,210","50,614","77,453","34,895",528686
12/31/1971 0:00:00,5716,"31,289","36,152","51,423","35,483",454968
1/31/1972 0:00:00,4943,"29,253","38,847","64,018","27,961",448906
2/29/1972 0:00:00,4172,"23,301","41,078","80,480","31,346",445565
3/31/1972 0:00:00,5305,"54,707","88,597","192,519","71,647",815866
4/30/1972 0:00:00,11062,"68,118","121,730","205,139","84,990",827965
5/31/1972 0:00:00,26549,"153,701","312,217","485,774","129,594",1981811
6/30/1972 0:00:00,41904,"225,926","776,565","1,027,413","94,163",3758051
7/31/1972 0:00:00,11655,"65,903","285,174","356,240","7,307",1210413
8/31/1972 0:00:00,6405,"40,651","150,585","190,322","3,626",705516
9/30/1972 0:00:00,7049,"31,447","82,686","99,233","14,818",565375
10/31/1972 0:00:00,7556,"42,983","66,915","90,820","176,286",1260290
11/30/1972 0:00:00,4995,"32,602","51,543","73,259","67,024",641360
12/31/1972 0:00:00,4958,"30,212","39,507","60,152","39,706",451082
1/31/1973 0:00:00,4440,"24,263","36,091","64,474","36,311",424667
2/28/1973 0:00:00,3879,"21,167","29,745","58,896","40,308",490269
3/31/1973 0:00:00,3773,"29,124","36,727","95,052","115,681",890864
4/30/1973 0:00:00,4790,"44,496","97,462","263,261","231,465",1437606
5/31/1973 0:00:00,25308,"228,625","210,156","429,352","544,874",4574661
6/30/1973 0:00:00,45596,"345,923","260,899","421,235","513,563",4846076
7/31/1973 0:00:00,25867,"190,004","184,701","327,794","220,104",2680329
8/31/1973 0:00:00,9828,"77,587","107,112","173,796","55,958",951165
9/30/1973 0:00:00,6562,"37,220","84,917","146,518","44,043",618482
10/31/1973 0:00:00,5187,"27,654","51,079","73,048","32,103",400775
11/30/1973 0:00:00,4027,"22,485","52,083","73,055","24,761",457340
12/31/1973 0:00:00,4125,"25,007","37,354","55,065","23,693",381669
1/31/1974 0:00:00,4658,"27,608","35,441","52,821","24,544",393294
2/28/1974 0:00:00,3657,"21,010","33,290","56,459","18,267",360605
3/31/1974 0:00:00,3785,"38,903","61,066","148,768","67,324",777329
4/30/1974 0:00:00,7366,"67,071","107,599","188,584","72,838",957063
5/31/1974 0:00:00,34284,"248,648","240,631","433,653","161,130",3350483
6/30/1974 0:00:00,26844,"188,439","533,417","673,881","58,842",3262548
7/31/1974 0:00:00,10276,"74,097","252,040","316,311","34,456",1517164
8/31/1974 0:00:00,5633,"52,169","119,913","148,929","21,512",733977
9/30/1974 0:00:00,3142,"17,671","48,789","58,448","1,692",368661
10/31/1974 0:00:00,4363,"24,105","35,447","44,213","25,700",410813
11/30/1974 0:00:00,4141,"27,504","34,599","41,709","25,298",482854
12/31/1974 0:00:00,3426,"21,868","21,207","21,466","12,040",302667
1/31/1975 0:00:00,3498,"23,345","24,595","37,880","12,253",341939
2/28/1975 0:00:00,3096,"19,599","25,582","40,382","15,068",359602
3/31/1975 0:00:00,3503,"25,023","38,758","74,725","68,539",623955
4/30/1975 0:00:00,4304,"56,267","59,986","99,128","205,074",890123
5/31/1975 0:00:00,18714,"198,083","149,883","300,764","389,461",2780013
6/30/1975 0:00:00,40162,"360,441","347,401","637,648","480,632",4977083
7/31/1975 0:00:00,30173,"264,664","499,621","726,212","259,620",3856483
8/31/1975 0:00:00,9785,"84,659","138,679","190,155","33,543",1005146
9/30/1975 0:00:00,4902,"32,665","57,277","75,382","30,117",530988
10/31/1975 0:00:00,4950,"25,916","48,612","57,859","8,773",380339
11/30/1975 0:00:00,4377,"29,219","44,251","50,022","17,956",399996
12/31/1975 0:00:00,3646,"25,456","44,338","54,726","21,108",385752
1/31/1976 0:00:00,3412,"24,668","31,333","43,419","19,255",331865
2/29/1976 0:00:00,3258,"21,576","30,211","58,038","32,595",470690
3/31/1976 0:00:00,3472,"27,443","38,799","94,303","52,766",550516
4/30/1976 0:00:00,7100,"68,543","131,676","202,407","106,208",869479
5/31/1976 0:00:00,26551,"159,319","330,757","469,781","257,504",2512031
6/30/1976 0:00:00,34497,"193,784","401,705","497,171","215,925",2768816
7/31/1976 0:00:00,14931,"77,740","261,073","296,871","39,004",1290764
8/31/1976 0:00:00,8841,"57,842","148,331","185,852","23,699",742634
9/30/1976 0:00:00,6683,"31,588","63,563","85,877","34,114",495166
10/31/1976 0:00:00,5909,"30,158","45,458","50,838","26,314",413050
11/30/1976 0:00:00,3942,"22,268","36,484","38,561","11,245",346160
12/31/1976 0:00:00,2023,"15,201","27,560","27,180","11,464",249799
1/31/1977 0:00:00,1632,"12,804","25,624","28,315","13,900",288984
2/28/1977 0:00:00,1668,"16,100","22,809","38,332","12,288",300322
3/31/1977 0:00:00,1694,"19,973","31,757","50,879","15,696",269036
4/30/1977 0:00:00,7421,"43,636","47,113","84,467","33,752",374245
5/31/1977 0:00:00,13970,"49,967","23,556","49,791","40,941",615043
6/30/1977 0:00:00,11295,"58,655","108,793","129,502","29,887",946020
7/31/1977 0:00:00,5144,"30,568","67,992","100,369","31,582",656227
8/31/1977 0:00:00,4398,"28,103","56,202","85,954","49,031",589365
9/30/1977 0:00:00,3087,"17,045","38,138","48,768","24,538",382861
10/31/1977 0:00:00,3924,"20,718","31,335","46,346","21,575",312745
11/30/1977 0:00:00,3043,"21,686","30,668","40,554","13,844",325688
12/31/1977 0:00:00,3086,"20,278","32,164","34,841","7,953",312901
1/31/1978 0:00:00,3619,"22,541","28,277","44,015","10,728",367826
2/28/1978 0:00:00,3228,"13,900","26,066","44,360","10,215",315219
3/31/1978 0:00:00,3426,"30,366","48,388","104,175","64,517",648069
4/30/1978 0:00:00,6756,"81,946","97,279","157,411","144,363",1296527
5/31/1978 0:00:00,19325,"191,967","187,355","312,460","233,963",2765927
6/30/1978 0:00:00,51553,"402,509","516,651","720,003","272,198",4924471
7/31/1978 0:00:00,19833,"165,337","390,206","434,964","49,760",2429976
8/31/1978 0:00:00,7267,"55,663","160,476","193,640",-187,786278
9/30/1978 0:00:00,2024,"17,932","73,934","91,341","-4,713",402716
10/31/1978 0:00:00,2314,"21,278","45,775","51,612","6,327",337424
11/30/1978 0:00:00,3706,"26,301","37,821","40,780","27,583",484175
12/31/1978 0:00:00,4732,"23,263","33,513","30,927","20,728",396623
1/31/1979 0:00:00,5559,"26,125","29,864","33,647","19,242",379065
2/28/1979 0:00:00,4317,"22,107","28,206","38,515","20,789",400308
3/31/1979 0:00:00,3032,"25,683","41,121","89,559","118,537",821117
4/30/1979 0:00:00,5992,"84,789","89,917","156,712","371,702",1857553
5/31/1979 0:00:00,32901,"278,685","199,257","285,916","557,022",4003830
6/30/1979 0:00:00,62246,"405,963","247,384","323,391","587,357",5025432
7/31/1979 0:00:00,29825,"196,474","137,839","168,355","277,873",2479345
8/31/1979 0:00:00,12874,"79,243","106,881","145,041","64,564",1031186
9/30/1979 0:00:00,3766,"29,195","47,045","59,195","2,198",389721
10/31/1979 0:00:00,3957,"27,685","37,553","45,442","2,432",323532
11/30/1979 0:00:00,5002,"27,774","27,696","32,881","14,894",384124
12/31/1979 0:00:00,4192,"25,378","25,632","36,301","21,612",342224
1/31/1980 0:00:00,4641,"25,524","25,801","49,731","26,535",455115
2/29/1980 0:00:00,5523,"26,017","27,033","54,185","45,218",621963
3/31/1980 0:00:00,5139,"27,323","31,387","97,363","64,289",656186
4/30/1980 0:00:00,3418,"81,106","104,368","245,911","269,484",1532843
5/31/1980 0:00:00,30847,"284,633","321,146","545,233","393,562",4410194
6/30/1980 0:00:00,69404,"461,989","381,105","512,061","496,617",5199832
7/31/1980 0:00:00,23872,"160,569","253,625","325,390","118,769",2029852
8/31/1980 0:00:00,7347,"57,241","98,755","132,770","27,246",665417
9/30/1980 0:00:00,4161,"32,506","56,868","76,529","45,683",684809
10/31/1980 0:00:00,3772,"29,377","40,857","59,373","10,479",353235
11/30/1980 0:00:00,4362,"27,999","37,079","52,496","25,460",414120
12/31/1980 0:00:00,4900,"27,452","33,893","52,269","20,865",414830
1/31/1981 0:00:00,3797,"20,354","28,635","43,701","18,740",331854
2/28/1981 0:00:00,2616,"18,927","26,377","42,354","16,194",320685
3/31/1981 0:00:00,3621,"24,795","41,614","72,554","21,027",403149
4/30/1981 0:00:00,9567,"42,725","44,035","86,181","78,788",680365
5/31/1981 0:00:00,13719,"68,491","76,506","156,670","123,626",1244135
6/30/1981 0:00:00,19938,"127,589","262,659","345,576","159,576",2309668
7/31/1981 0:00:00,8998,"64,766","139,702","169,755","51,539",1086654
8/31/1981 0:00:00,4367,"41,742","62,173","80,268","27,978",500290
9/30/1981 0:00:00,5651,"31,320","32,197","49,184","26,292",573026
10/31/1981 0:00:00,5323,"27,765","34,616","41,379","79,149",672266
11/30/1981 0:00:00,4647,"26,151","30,652","39,885","34,599",434250
12/31/1981 0:00:00,3739,"22,384","30,008","31,259","17,725",353052
1/31/1982 0:00:00,4118,"22,886","30,592","38,203","18,374",295447
2/28/1982 0:00:00,2986,"18,470","27,043","53,481","22,214",394404
3/31/1982 0:00:00,3246,"27,490","37,486","73,805","85,116",686585
4/30/1982 0:00:00,6819,"61,553","76,570","123,817","175,004",1064382
5/31/1982 0:00:00,23096,"195,189","252,260","388,741","305,468",3215828
6/30/1982 0:00:00,48587,"331,991","438,223","560,985","299,017",4241102
7/31/1982 0:00:00,28854,"172,803","515,208","610,370","102,228",2769621
8/31/1982 0:00:00,13891,"109,848","236,583","293,883","89,058",1568870
9/30/1982 0:00:00,11326,"81,646","97,632","137,631","133,410",1019480
10/31/1982 0:00:00,8565,"53,499","129,073","174,857","68,570",886439
11/30/1982 0:00:00,5895,"36,351","61,245","85,688","38,049",636108
12/31/1982 0:00:00,4587,"27,634","46,610","62,642","42,772",544874
1/31/1983 0:00:00,4103,"27,190","42,538","63,044","36,052",423718
2/28/1983 0:00:00,3689,"23,868","35,020","56,168","38,061",485252
3/31/1983 0:00:00,3226,"30,764","63,254","140,727","107,229",985455
4/30/1983 0:00:00,3936,"42,783","116,245","234,868","171,295",1249789
5/31/1983 0:00:00,17960,"170,625","237,104","480,341","316,458",3841766
6/30/1983 0:00:00,54805,"452,529","556,819","1,040,278","431,571",7586684
7/31/1983 0:00:00,32507,"248,385","412,346","607,341","176,185",4405058
8/31/1983 0:00:00,17266,"120,970","201,227","318,114","81,042",1924460
9/30/1983 0:00:00,8624,"46,614","117,207","188,730","20,299",748555
10/31/1983 0:00:00,6409,"35,841","102,237","153,195","71,455",829045
11/30/1983 0:00:00,5674,"31,638","69,972","114,734","29,409",555840
12/31/1983 0:00:00,6483,"35,116","53,347","90,734","34,688",526828
1/31/1984 0:00:00,5101,"29,058","49,264","82,571","29,836",310995
2/29/1984 0:00:00,3530,"21,807","39,904","67,397","30,962",465515
3/31/1984 0:00:00,3374,"23,490","50,517","135,727","101,791",787314
4/30/1984 0:00:00,5795,"74,335","109,555","241,336","155,657",1578748
5/31/1984 0:00:00,47893,"576,987","254,942","605,943","437,569",6625596
6/30/1984 0:00:00,70690,"531,886","395,254","610,339","238,447",6453934
7/31/1984 0:00:00,44158,"273,369","324,716","444,726","77,165",3369074
8/31/1984 0:00:00,20327,"138,209","173,142","267,048","71,916",1800416
9/30/1984 0:00:00,12817,"64,883","85,047","133,428","51,011",861387
10/31/1984 0:00:00,13414,"59,082","92,743","120,823","82,549",889648
11/30/1984 0:00:00,8094,"41,657","63,501","84,907","45,885",652384
12/31/1984 0:00:00,6605,"34,434","36,478","53,968","51,179",548352
1/31/1985 0:00:00,6240,"29,432","39,542","62,621","36,867",474323
2/28/1985 0:00:00,4370,"24,427","32,830","53,856","43,666",468547
3/31/1985 0:00:00,5394,"38,702","48,122","111,065","178,337",1197770
4/30/1985 0:00:00,10641,"138,471","160,941","294,128","382,449",2840894
5/31/1985 0:00:00,41276,"358,001","250,676","384,359","467,576",5604082
6/30/1985 0:00:00,58246,"415,140","214,272","288,990","462,959",4679548
7/31/1985 0:00:00,22614,"159,676","158,446","208,766","134,625",2059782
8/31/1985 0:00:00,9247,"74,575","78,370","94,021","54,110",974588
9/30/1985 0:00:00,10693,"49,747","48,883","46,185","72,985",641657
10/31/1985 0:00:00,9447,"54,911","54,494","68,543","78,884",881163
11/30/1985 0:00:00,7670,"40,336","46,569","55,300","49,421",637962
12/31/1985 0:00:00,7700,"32,223","45,912","53,833","35,763",568216
1/31/1986 23:59:00,5706,"30,994","38,156","44,323","32,953",416849
2/28/1986 23:59:00,4807,"30,831","45,237","97,569","55,749",680993
3/31/1986 23:59:00,6289,"49,878","99,156","150,274","120,455",1063521
4/30/1986 23:59:00,11946,"119,029","180,378","279,828","253,030",2387585
5/31/1986 23:59:00,39166,"271,715","301,172","498,227","331,630",4291234
6/30/1986 23:59:00,71998,"432,078","921,336","1,221,520","387,383",6114124
7/31/1986 23:59:00,42577,"241,685","413,409","530,766","190,681",3162261
8/31/1986 23:59:00,15214,"96,787","199,283","274,920","63,654",1244648
9/30/1986 23:59:00,12289,"64,966","83,236","120,625","85,328",908595
10/31/1986 23:59:00,10018,"58,144","73,238","115,397","136,156",1165894
11/30/1986 23:59:00,7399,"50,469","60,258","72,820","125,543",924288
12/31/1986 23:59:00,6150,"32,365","37,913","40,313","56,601",607343
1/31/1987 23:59:00,6081,"28,184","32,542","39,657","36,163",403535
2/28/1987 23:59:00,6226,"28,365","33,555","48,679","62,557",645937
3/31/1987 23:59:00,4861,"43,400","46,098","101,070","121,139",1016464
4/30/1987 23:59:00,12933,"119,819","170,138","279,308","299,413",2161410
5/31/1987 23:59:00,40382,"295,327","258,333","394,361","375,493",3709764
6/30/1987 23:59:00,48634,"295,202","237,141","327,568","414,976",3042333
7/31/1987 23:59:00,17237,"106,979","188,372","251,585","135,689",1352316
8/31/1987 23:59:00,10567,"65,263","124,992","176,370","64,666",988734
9/30/1987 23:59:00,7310,"39,894","87,556","114,232","28,586",571588
10/31/1987 23:59:00,6809,"32,366","40,826","62,856","22,123",497943
11/30/1987 23:59:00,5571,"28,484","39,710","43,775","43,341",608836
12/31/1987 23:59:00,4396,"24,877","30,076","35,691","20,064",326963
1/31/1988 23:59:00,4613,"24,749","25,732","31,556","17,963",307472
2/29/1988 23:59:00,4482,"22,652","25,628","40,969","26,623",451072
3/31/1988 23:59:00,4613,"32,150","39,959","97,260","69,214",731565
4/30/1988 23:59:00,9306,"61,347","72,370","159,215","121,855",1223766
5/31/1988 23:59:00,18057,"111,071","136,781","254,820","179,531",2201230
6/30/1988 23:59:00,28857,"179,602","221,642","308,673","180,605",2753427
7/31/1988 23:59:00,9518,"73,944","133,297","194,949","60,202",1282744
8/31/1988 23:59:00,7960,"52,110","87,207","132,159","89,247",791467
9/30/1988 23:59:00,6200,"33,322","30,900","55,140","55,009",481822
10/31/1988 23:59:00,4346,"27,305","24,237","36,002","23,933",409211
11/30/1988 23:59:00,5404,"25,888","27,786","23,184","19,662",282970
12/31/1988 23:59:00,1849,"19,825","22,037","26,121","18,385",260754
1/31/1989 23:59:00,2644,"23,786","22,996","30,545","19,703",221754
2/28/1989 23:59:00,3231,"21,802","21,540","33,544","30,144",360271
3/31/1989 23:59:00,3909,"42,405","49,479","109,663","140,280",872273
4/30/1989 23:59:00,12440,"98,824","68,070","126,983","202,228",1289750
5/31/1989 23:59:00,25722,"148,191","109,475","175,406","189,713",1776857
6/30/1989 23:59:00,30413,"156,752","259,638","323,025","115,393",1902134
7/31/1989 23:59:00,13037,"74,096","211,221","269,762","41,233",1070753
8/31/1989 23:59:00,8988,"59,096","109,655","146,863","38,848",742534
9/30/1989 23:59:00,5301,"24,268","55,651","84,723","27,853",345426
10/31/1989 23:59:00,4450,"26,290","35,413","46,232","28,828",302888
11/30/1989 23:59:00,3917,"20,970","37,482","50,837","10,517",326259
12/31/1989 23:59:00,3115,"17,269","29,094","31,866","7,259",245184
1/31/1990 23:59:00,3624,"18,438","26,090","35,674","8,681",265611
2/28/1990 23:59:00,3167,"15,912","24,344","40,812","11,048",267210
3/31/1990 23:59:00,3198,"24,727","46,430","81,800","28,393",426979
4/30/1990 23:59:00,7454,"39,109","83,714","134,279","90,086",690177
5/31/1990 23:59:00,15837,"99,684","82,258","142,281","213,019",1308945
6/30/1990 23:59:00,38938,"194,874","275,660","361,312","223,393",2634117
7/31/1990 23:59:00,12546,"78,513","219,709","273,758","87,174",1324268
8/31/1990 23:59:00,5606,"47,328","118,415","153,518","49,347",644206
9/30/1990 23:59:00,4382,"28,266","63,066","92,683","48,347",522943
10/31/1990 23:59:00,6321,"40,706","39,898","46,630","63,284",575774
11/30/1990 23:59:00,5014,"36,548","41,948","49,663","41,548",429735
12/31/1990 23:59:00,3892,"23,843","28,125","26,334","21,912",244507
1/31/1991 23:59:00,3996,"21,655","25,522","42,946","22,136",307777
2/28/1991 23:59:00,3240,"20,206","22,340","45,061","28,371",386341
3/31/1991 23:59:00,3886,"33,164","41,497","72,191","60,113",534733
4/30/1991 23:59:00,7354,"71,475","69,557","109,824","197,558",944934
5/31/1991 23:59:00,25421,"207,799","150,102","239,032","268,457",2361625
6/30/1991 23:59:00,41586,"244,510","395,017","591,754","194,971",3427634
7/31/1991 23:59:00,16270,"109,212","186,875","249,887","53,103",1435455
8/31/1991 23:59:00,7826,"60,831","122,910","189,701","50,460",908675
9/30/1991 23:59:00,5942,"35,855","74,283","102,684","81,608",767656
10/31/1991 23:59:00,3906,"20,645","41,449","54,693","16,702",327926
11/30/1991 23:59:00,4184,"30,238","45,280","82,936","35,284",548701
12/31/1991 23:59:00,3372,"20,488","26,367","38,466","32,555",356150
1/31/1992 23:59:00,1069,"17,693","21,736","57,994","21,471",306632
2/29/1992 23:59:00,2696,"20,139","21,799","63,971","36,674",465089
3/31/1992 23:59:00,3530,"28,726","62,776","118,664","85,919",677461
4/30/1992 23:59:00,7761,"68,130","42,495","107,926","222,008",1243389
5/31/1992 23:59:00,24782,"163,002","127,236","209,352","314,738",2494068
6/30/1992 23:59:00,23485,"169,682","115,348","158,664","218,067",2059393
7/31/1992 23:59:00,14944,"98,131","127,345","171,614","79,114",1223112
8/31/1992 23:59:00,5700,"64,873","100,043","140,602","64,807",816241
9/30/1992 23:59:00,6972,"42,875","50,329","67,571","38,879",543391
10/31/1992 23:59:00,5265,"30,050","26,051","31,615","14,420",368376
11/30/1992 23:59:00,1404,"24,724","28,196","39,968","18,631",425383
12/31/1992 23:59:00,4006,"22,327","24,806","24,513","20,741",285003
1/31/1993 23:59:00,4233,"25,589","23,887","39,164","28,954",536421
2/28/1993 23:59:00,4033,"25,388","17,731","35,427","36,527",491786
3/31/1993 23:59:00,4769,"34,956","45,958","138,695","180,708",1000814
4/30/1993 23:59:00,15303,"77,948","65,408","119,891","258,128",1558485
5/31/1993 23:59:00,30323,"353,198","230,610","409,884","459,914",4905758
6/30/1993 23:59:00,60113,"404,454","340,312","475,371","362,301",5080876
7/31/1993 23:59:00,28354,"180,542","210,282","263,898","100,043",2293449
8/31/1993 23:59:00,11643,"82,615","219,939","261,119","75,329",1088141
9/30/1993 23:59:00,10128,"50,950","75,555","99,620","61,607",650601
10/31/1993 23:59:00,5981,"40,001","47,537","70,886","28,301",539394
11/30/1993 23:59:00,3676,"28,416","30,572","40,697","22,863",411473
12/31/1993 23:59:00,5007,"24,564","25,616","40,703","16,810",346168
1/31/1994 23:59:00,4921,"24,604","22,407","46,394","16,068",374496
2/28/1994 23:59:00,4650,"22,572","17,112","44,812","25,704",354810
3/31/1994 23:59:00,4750,"37,000","47,980","92,785","101,532",707305
4/30/1994 23:59:00,9450,"72,188","66,397","120,906","154,828",926748
5/31/1994 23:59:00,26737,"201,011","194,970","277,181","303,063",2496370
6/30/1994 23:59:00,36857,"212,106","170,881","221,917","258,157",2423371
7/31/1994 23:59:00,9637,"59,980","116,561","168,648","37,500",923230
8/31/1994 23:59:00,6882,"43,786","96,471","144,836","19,905",611077
9/30/1994 23:59:00,4521,"31,804","53,145","74,342","40,171",485539
10/31/1994 23:59:00,7644,"41,236","33,044","55,765","40,799",497896
11/30/1994 23:59:00,5483,"29,022","26,830","33,235","46,618",394997
12/31/1994 23:59:00,8028,"27,158","26,312","33,573","32,525",373524
1/31/1995 23:59:00,5666,"23,203","20,183","34,540","25,698",332107
2/28/1995 23:59:00,3860,"24,155","27,301","64,370","59,771",434645
3/31/1995 23:59:00,3169,"45,863","72,607","131,075","194,888",931446
4/30/1995 23:59:00,2404,"53,628","52,266","102,410","139,752",861861
5/31/1995 23:59:00,17188,"196,076","85,484","189,398","254,631",2643606
6/30/1995 23:59:00,86388,"589,759","459,761","693,117","490,615",6425316
7/31/1995 23:59:00,76166,"419,926","482,891","664,264","272,401",4855798
8/31/1995 23:59:00,27279,"152,800","165,199","231,296","55,390",1550906
9/30/1995 23:59:00,12353,"64,836","75,586","101,532","18,977",568102
10/31/1995 23:59:00,8242,"45,438","43,801","62,203","25,599",539116
11/30/1995 23:59:00,7785,"40,741","47,542","69,958","15,707",463955
12/31/1995 23:59:00,5574,"30,633","26,749","48,456","13,207",379248
1/31/1996 0:00:00,5460,"29,838","19,434","42,017","13,426",365025
2/29/1996 0:00:00,4893,"32,285","26,192","61,399","20,138",482787
3/31/1996 0:00:00,4989,"39,438","50,443","97,025","26,793",522524
4/30/1996 0:00:00,9845,"111,486","95,060","151,447","72,537",1216856
5/31/1996 0:00:00,47733,"364,493","205,363","343,508","164,721",3561336
6/30/1996 0:00:00,51003,"282,515","560,758","722,640","37,905",3602717
7/31/1996 0:00:00,20025,"110,008","322,144","416,613","35,000",1809442
8/31/1996 0:00:00,10597,"52,694","112,035","165,658","6,860",636158
9/30/1996 0:00:00,7267,"31,717","45,759","70,068","28,480",467055
10/31/1996 0:00:00,5540,"44,170","42,846","64,859","26,828",499738
11/30/1996 0:00:00,5286,"38,603","45,967","67,786","33,938",604447
12/31/1996 0:00:00,5226,"34,498","32,186","46,911","23,261",442129
1/31/1997 0:00:00,5059,"28,604","38,120","62,340","26,706",457685
2/28/1997 0:00:00,4162,"23,510","27,892","54,318","27,724",383539
3/31/1997 0:00:00,4452,"43,371","77,254","234,180","151,784",1171694
4/30/1997 0:00:00,7651,"103,883","92,914","179,684","152,384",1699193
5/31/1997 0:00:00,38848,"345,299","377,661","570,802","369,493",4911501
6/30/1997 0:00:00,71475,"478,473","686,579","888,342","408,527",6050996
7/31/1997 0:00:00,27527,"166,757","246,010","323,841","109,312",2172054
8/31/1997 0:00:00,16017,"108,134","167,439","241,587","103,515",1461921
9/30/1997 0:00:00,10667,"72,789","92,599","150,106","105,814",1318691
10/31/1997 0:00:00,9106,"68,535","59,158","92,178","76,007",958776
11/30/1997 0:00:00,6635,"41,210","45,689","69,622","32,602",636282
12/31/1997 0:00:00,5772,"30,134","33,060","36,451","24,622",454046
1/31/1998 0:00:00,5911,"29,808","33,832","60,704","22,963",493081
2/28/1998 0:00:00,4882,"26,089","32,400","56,789","22,663",440741
3/31/1998 0:00:00,5530,"43,144","58,680","142,543","78,787",828558
4/30/1998 0:00:00,7077,"59,878","99,311","173,645","123,427",1518991
5/31/1998 0:00:00,22501,"196,686","212,104","365,270","292,923",3877323
6/30/1998 0:00:00,27068,"205,777","342,379","571,100","175,821",3566183
7/31/1998 0:00:00,17155,"138,934","381,746","538,153","75,003",2374325
8/31/1998 0:00:00,7490,"74,824","166,519","244,519","38,341",1126202
9/30/1998 0:00:00,5162,"39,560","72,436","104,767","12,572",686974
10/31/1998 0:00:00,7190,"42,674","61,490","90,143","59,074",683035
11/30/1998 0:00:00,5188,"36,458","49,583","71,589","61,805",710818
12/31/1998 0:00:00,3582,"23,609","29,535","39,388","29,167",389149
1/31/1999 0:00:00,4260,"25,706","33,195","55,238","20,457",464933
2/28/1999 0:00:00,3608,"23,537","29,918","49,676","21,922",440359
3/31/1999 0:00:00,5375,"45,393","57,472","112,826","47,006",663155
4/30/1999 0:00:00,8194,"51,665","89,821","171,615","111,750",913155
5/31/1999 0:00:00,24425,"181,251","282,355","484,904","265,669",2833274
6/30/1999 0:00:00,47893,"312,871","599,511","841,174","285,178",4483447
7/31/1999 0:00:00,23214,"156,509","329,521","434,208","132,098",2337593
8/31/1999 0:00:00,15012,"123,140","132,629","193,975","238,557",1611218
9/30/1999 0:00:00,10235,"67,220","71,761","107,405","128,224",911467
10/31/1999 0:00:00,7456,"37,461","45,798","65,616","22,451",459749
11/30/1999 0:00:00,4805,"30,644","41,534","60,737","13,868",384647
12/31/1999 0:00:00,4536,"25,877","31,702","43,986","8,827",356817
1/31/2000 0:00:00,4398,"27,096","30,750","51,228","12,992",400018
2/29/2000 0:00:00,4121,"25,999","31,657","58,349","14,101",415592
3/31/2000 0:00:00,4281,"38,523","48,672","84,051","38,054",553970
4/30/2000 0:00:00,10015,"96,930","89,955","143,625","140,775",1211560
5/31/2000 0:00:00,31607,"235,471","177,548","247,001","169,850",2684338
6/30/2000 0:00:00,24087,"141,690","221,716","254,351","44,270",2181926
7/31/2000 0:00:00,10548,"65,706","130,871","175,740","5,437",941680
8/31/2000 0:00:00,7655,"44,722","62,816","94,532","10,047",500615
9/30/2000 0:00:00,6135,"38,713","39,179","57,713","13,923",426365
10/31/2000 0:00:00,5389,"30,630","38,189","54,841","13,569",453185
11/30/2000 0:00:00,4049,"27,107","28,905","35,589","21,425",394372
12/31/2000 0:00:00,3802,"25,339","25,781","31,488","17,765",349325
1/31/2001 0:00:00,3917,"21,586","25,820","35,194","16,310",317485
2/28/2001 0:00:00,3575,"21,527","24,871","39,619","21,147",336602
3/31/2001 0:00:00,4031,"35,549","49,172","118,229","68,648",655891
4/30/2001 0:00:00,7965,"61,861","51,466","113,356","179,118",1002709
5/31/2001 0:00:00,29213,"231,916","134,359","264,441","404,521",3036492
6/30/2001 0:00:00,23592,"165,377","117,431","180,367","233,817",2226567
7/31/2001 0:00:00,9376,"81,454","100,920","144,361","44,621",1028748
8/31/2001 0:00:00,10411,"78,892","51,792","82,057","58,378",780164
9/30/2001 0:00:00,5595,"38,297","30,959","44,157","13,693",426954
10/31/2001 0:00:00,5309,"28,204","21,636","23,608","14,568",278032
11/30/2001 0:00:00,4714,"27,503","26,814","31,641","10,669",335825
12/31/2001 0:00:00,4165,"22,454","22,986","23,818","11,955",282275
1/31/2002 0:00:00,3816,"21,451","22,421","27,816","10,885",277192
2/28/2002 0:00:00,3226,"17,771","19,321","25,692","9,060",253878
3/31/2002 0:00:00,4551,"29,992","30,471","54,271","15,005",382131
4/30/2002 0:00:00,9197,"53,972","54,409","88,502","32,207",621082
5/31/2002 0:00:00,12767,"61,258","58,233","102,821","14,552",815297
6/30/2002 0:00:00,7490,"50,340","224,725","271,425","4,631",1051398
7/31/2002 0:00:00,4526,"31,342","138,890","187,583","15,323",643816
8/31/2002 0:00:00,2269,"20,988","56,117","63,802","11,104",386311
9/30/2002 0:00:00,3050,"14,452","39,882","54,623","8,931",527176
10/31/2002 0:00:00,3982,"27,048","31,911","37,523","16,369",348566
11/30/2002 0:00:00,3217,"22,408","31,561","39,675","18,971",413645
12/31/2002 0:00:00,2680,"17,532","25,863","28,432","12,627",286629
1/31/2003 0:00:00,2650,"18,332","25,540","35,386","12,105",279302
2/28/2003 0:00:00,2758,"16,827","24,204","36,132","13,332",268155
3/31/2003 0:00:00,3400,"26,003","59,893","85,540","38,828",519435
4/30/2003 0:00:00,7292,"42,531","56,696","87,600","74,723",710953
5/31/2003 0:00:00,28859,"181,383","94,606","173,124","177,485",2263167
6/30/2003 0:00:00,30764,"176,798","225,130","296,308","91,332",2909816
7/31/2003 0:00:00,9586,"59,517","134,355","179,676","17,057",1170392
8/31/2003 0:00:00,6331,"41,168","55,584","85,104","19,045",593031
9/30/2003 0:00:00,7578,"49,016","42,640","54,970","60,784",672219
10/31/2003 0:00:00,4873,"28,056","27,354","36,351","22,398",378968
11/30/2003 0:00:00,4324,"23,593","28,059","36,872","23,820",415964
12/31/2003 0:00:00,3726,"22,046","28,905","36,619","17,361",337409
1/31/2004 0:00:00,3772,"21,225","25,575","36,244","18,427",287624
2/29/2004 0:00:00,3422,"19,109","23,854","41,638","23,289",317292
3/31/2004 0:00:00,5192,"46,104","58,647","114,737","122,156",758000
4/30/2004 0:00:00,7530,"68,210","67,194","109,328","145,639",1125414
5/31/2004 0:00:00,23305,"161,867","80,042","137,014","236,936",2032809
6/30/2004 0:00:00,23103,"146,137","214,186","264,826","145,415",1778506
7/31/2004 0:00:00,10731,"72,052","224,197","276,273","40,346",1035175
8/31/2004 0:00:00,4937,"37,299","76,447","123,601","14,965",482276
9/30/2004 0:00:00,4727,"26,311","49,348","75,557","58,862",470722
10/31/2004 0:00:00,5040,"34,666","48,336","77,936","60,927",625819
11/30/2004 0:00:00,4201,"26,376","45,699","68,070","43,991",570583
12/31/2004 0:00:00,4045,"21,403","30,191","46,754","29,803",421799
1/31/2005 0:00:00,4593,"21,562","34,513","52,221","52,186",667466
2/28/2005 0:00:00,3697,"18,635","26,327","48,239","71,003",559393
3/31/2005 0:00:00,3551,"25,850","62,645","137,513","88,740",714659
4/30/2005 0:00:00,7471,"65,406","118,963","183,043","311,369",1770932
5/31/2005 0:00:00,25783,"207,780","237,082","399,099","488,006",4157709
6/30/2005 0:00:00,34787,"242,478","360,501","497,245","347,402",4334571
7/31/2005 0:00:00,15610,"111,413","229,490","313,537","100,576",1930391
8/31/2005 0:00:00,8109,"61,644","85,951","133,061","42,594",854482
9/30/2005 0:00:00,5458,"29,844","44,654","62,597","41,114",491771
10/31/2005 0:00:00,7239,"43,275","40,014","56,584","89,087",737762
11/30/2005 0:00:00,4821,"27,347","34,268","39,507","27,887",506639
12/31/2005 0:00:00,4415,"25,422","26,397","33,489","15,605",379450
1/31/2006 0:00:00,4706,"25,046","32,680","44,689","13,062",397643
2/28/2006 0:00:00,3471,"21,535","27,424","38,187","11,433",328335
3/31/2006 0:00:00,3912,"36,393","40,129","73,392","25,507",541551
4/30/2006 0:00:00,10035,"104,301","100,069","151,483","121,198",1534564
5/31/2006 0:00:00,27601,"223,733","233,333","331,318","188,676",3230782
6/30/2006 0:00:00,23643,"166,785","250,034","303,999","70,873",2493323
7/31/2006 0:00:00,11844,"86,254","128,497","163,821","42,559",1147226
8/31/2006 0:00:00,8747,"67,224","63,046","78,103","74,773",776862
9/30/2006 0:00:00,8052,"44,033","36,567","44,856","57,205",536600
10/31/2006 0:00:00,10109,"63,273","35,165","60,216","163,153",1566152
11/30/2006 0:00:00,6264,"36,383","34,614","49,394","41,015",577702
12/31/2006 0:00:00,4886,"26,233","24,943","33,437","25,179",402168
1/31/2007 0:00:00,4082,"21,122","24,346","35,409","19,683",336446
2/28/2007 0:00:00,3460,"21,078","24,446","48,416","29,320",455943
3/31/2007 0:00:00,6484,"52,752","61,850","131,857","123,451",1011415
4/30/2007 0:00:00,8000,"67,647","48,481","97,665","122,852",1189653
5/31/2007 0:00:00,27404,"194,780","126,989","218,686","262,870",2544223
6/30/2007 0:00:00,29364,"184,756","131,508","175,130","206,749",2123234
7/31/2007 0:00:00,15224,"84,517","119,692","171,820","57,598",1051474
8/31/2007 0:00:00,10311,"76,229","58,099","76,687","79,371",815877
9/30/2007 0:00:00,7861,"43,046","30,537","39,732","32,616",479441
10/31/2007 0:00:00,6961,"40,312","32,977","43,803","46,866",570933
11/30/2007 0:00:00,3954,"24,666","32,981","37,153","16,221",412863
12/31/2007 0:00:00,4969,"26,604","27,707","25,093","44,680",411245
1/31/2008 0:00:00,4899,"24,241","22,693","28,683","27,762",370370
2/29/2008 0:00:00,4176,"21,468","21,725","38,016","41,425",477948
3/31/2008 0:00:00,3949,"30,399","29,940","65,095","154,795",743226
4/30/2008 0:00:00,6689,"101,595","51,398","99,188","258,453",1366049
5/31/2008 0:00:00,34680,"321,882","136,705","217,465","348,985",3583980
6/30/2008 0:00:00,65451,"420,537","264,072","383,542","332,357",4803468
7/31/2008 0:00:00,29016,"182,810","235,370","307,975","101,726",2220235
8/31/2008 0:00:00,12085,"83,271","64,766","109,971","46,739",867723
9/30/2008 0:00:00,7583,"39,983","36,369","59,492","44,754",482407
10/31/2008 0:00:00,6617,"33,716","38,128","53,867","28,238",435805
11/30/2008 0:00:00,4833,"27,500","38,758","52,021","19,537",430547
12/31/2008 0:00:00,5226,"27,633","27,270","23,237","18,730",335272
1/31/2009 0:00:00,4772,"26,480","32,278","44,694","22,079",385709
2/28/2009 0:00:00,4127,"23,540","25,785","42,358","26,424",386450
3/31/2009 0:00:00,4472,"39,773","43,804","69,497","74,738",564187
4/30/2009 0:00:00,11158,"105,078","89,356","145,678","131,823",1227969
5/31/2009 0:00:00,46064,"349,665","163,692","286,956","367,931",4156678
6/30/2009 0:00:00,36995,"237,549","516,145","614,443","156,120",3465575
7/31/2009 0:00:00,15711,"107,384","309,982","391,810","55,819",1854266
8/31/2009 0:00:00,7145,"52,096","99,732","134,470","9,629",638798
9/30/2009 0:00:00,6229,"31,634","48,990","67,443","15,972",413576
10/31/2009 0:00:00,6730,"33,242","45,394","50,218","13,870",373314
11/30/2009 0:00:00,4703,"26,991","39,845","47,771","13,783",399095
12/31/2009 0:00:00,3881,"20,740","25,154","21,482","11,506",257350
1/31/2010 0:00:00,4220,"22,279","22,669","30,595","13,882",369037
2/28/2010 0:00:00,3553,"21,644","20,902","34,222","15,479",367245
3/31/2010 0:00:00,4358,"28,735","42,309","73,147","62,341",624220
4/30/2010 0:00:00,10700,"96,374","64,296","114,834","226,182",1326124
5/31/2010 0:00:00,21834,"148,618","46,515","113,032","277,125",2170941
6/30/2010 0:00:00,35170,"215,064","287,667","464,896","169,516",3749922
7/31/2010 0:00:00,9730,"62,221","200,993","256,693","35,885",1250490
8/31/2010 0:00:00,9627,"64,489","71,503","103,513","45,761",953329
9/30/2010 0:00:00,6341,"28,823","43,059","54,067","31,141",468862
10/31/2010 0:00:00,6717,"30,129","29,084","39,765","28,583",554876
11/30/2010 0:00:00,4708,"27,160","34,087","32,497","15,494",401087
12/31/2010 0:00:00,5434,"30,104","37,518","46,953","22,073",468938
1/31/2011 0:00:00,4661,"23,284","29,192","45,303","14,426",310008
2/28/2011 0:00:00,3968,"20,851","24,513","37,012","15,783",316664
3/31/2011 0:00:00,4639,"37,711","34,145","101,232","41,078",640238
4/30/2011 0:00:00,7486,"77,100","85,883","153,201","109,535",1249225
5/31/2011 0:00:00,21792,"171,372","173,087","368,039","171,377",3079500
6/30/2011 0:00:00,65095,"439,318","459,705","804,260","269,239",6686357
7/31/2011 0:00:00,36652,"234,321","626,098","887,917","55,276",4489031
8/31/2011 0:00:00,11452,"77,928","161,314","227,208","20,175",1288685
9/30/2011 0:00:00,7207,"42,071","56,285","82,678","21,637",706779
10/31/2011 0:00:00,7301,"36,795","48,668","85,454","54,139",633732
11/30/2011 0:00:00,5209,"28,609","36,912","71,487","29,395",526283
12/31/2011 0:00:00,4071,"24,425","26,107","46,622","16,645",360568
1/31/2012 0:00:00,4006,"22,433","25,682","54,801","14,636",381825
2/29/2012 0:00:00,4104,"21,357","26,115","55,662","17,175",384527
3/31/2012 0:00:00,6247,"40,819","63,170","116,411","74,442",733543
4/30/2012 0:00:00,10075,"58,288","96,604","176,212","152,069",1224126
5/31/2012 0:00:00,15452,"82,082","139,505","203,914","143,419",1353669
6/30/2012 0:00:00,8765,"59,480","221,148","260,434","45,033",1074724
7/31/2012 0:00:00,5979,"43,079","137,749","178,330","26,476",745218
8/31/2012 0:00:00,4551,"38,359","54,794","72,260","25,914",634310
9/30/2012 0:00:00,4348,"24,644","30,697","42,594","14,807",376394
10/31/2012 0:00:00,4150,"21,358","23,785","30,193","15,806",341949
11/30/2012 0:00:00,2967,"18,800","31,161","43,297","10,082",314072
12/31/2012 0:00:00,3069,"17,866","27,351","30,404","11,680",226993
1/31/2013 0:00:00,3013,"15,889","20,815","26,109","14,828",214334
2/28/2013 0:00:00,2672,"15,888","21,218","34,658","12,587",288198
3/31/2013 0:00:00,3398,"23,347","36,508","70,398","31,629",358060
4/30/2013 0:00:00,6127,"43,381","47,214","81,955","73,766",544575
5/31/2013 0:00:00,20963,"137,972","120,415","194,760","165,311",1962822
6/30/2013 0:00:00,26310,"138,862","135,343","184,230","68,768",1961782
7/31/2013 0:00:00,9111,"55,795","104,373","140,457","21,264",871802
8/31/2013 0:00:00,6803,"55,553","51,504","75,070","63,296",726516
9/30/2013 0:00:00,8083,"59,253","54,613","83,296","151,939",1147288
10/31/2013 0:00:00,7137,"49,222","52,673","76,579","69,330",647130
11/30/2013 0:00:00,4799,"32,995","38,100","45,872","34,405",521916
12/31/2013 0:00:00,4576,"25,025","30,563","39,479","26,618",337729
1/31/2014 0:00:00,4663,"22,370","31,784","41,358","19,496",308346
2/28/2014 0:00:00,4424,"22,760","29,682","52,396","23,159",372818
3/31/2014 0:00:00,4509,"32,509","54,489","93,883","52,234",560863
4/30/2014 0:00:00,11743,"129,461","103,431","147,077","127,149",1266593
5/31/2014 0:00:00,30656,"245,997","283,983","389,708","190,167",2929217
6/30/2014 0:00:00,48913,"368,403","469,582","549,821","146,375",3927670
7/31/2014 0:00:00,18699,"126,342","277,904","319,313","38,970",1523688
8/31/2014 0:00:00,11601,"69,839","112,919","174,659","35,327",899692
9/30/2014 0:00:00,9868,"51,086","71,577","121,717","48,666",789556
10/31/2014 0:00:00,9602,"55,725","86,807","123,868","84,100",878477
11/30/2014 0:00:00,6597,"36,702","53,375","66,875","27,169",465298
12/31/2014 0:00:00,5831,"33,656","48,501","58,163","18,216",423447
1/31/2015 0:00:00,5605,"29,726","44,312","75,317","22,258",408203
2/28/2015 0:00:00,4491,"28,136","49,205","74,511","28,167",524999
3/31/2015 0:00:00,6615,"53,815","69,269","94,358","90,618",701872
4/30/2015 0:00:00,9276,"73,466","91,448","134,301","81,680",848167
5/31/2015 0:00:00,18657,"138,060","231,273","372,253","180,406",2116597
6/30/2015 0:00:00,62356,"376,766","365,739","514,911","317,704",4262960
7/31/2015 0:00:00,21494,"139,157","160,744","245,750","99,735",1647911
8/31/2015 0:00:00,8943,"65,499","70,042","108,900","40,431",666932
9/30/2015 0:00:00,7022,"43,562","50,135","65,319","28,636",474142
10/31/2015 0:00:00,7094,"34,909","48,317","64,630","49,960",624468
11/30/2015 0:00:00,5154,"30,288","38,353","45,498","35,554",441760
12/31/2015 0:00:00,5076,"27,353","36,269","43,941","22,084",316830
1/31/2016 0:00:00,5620,"26,937","33,158","47,890","21,472",359564
2/29/2016 0:00:00,4185,"25,847","35,120","68,351","39,718",446601
3/31/2016 0:00:00,4835,"41,180","50,556","93,603","81,181",679511
4/30/2016 0:00:00,9099,"75,408","93,423","161,939","116,756",1105149
5/31/2016 0:00:00,17198,"164,476","200,219","410,473","224,883",2986811
6/30/2016 0:00:00,40620,"298,957","347,873","589,853","250,037",3948731
7/31/2016 0:00:00,11193,"92,745","126,302","194,754","44,122",1390403
8/31/2016 0:00:00,8549,"62,699","56,049","93,833","35,292",645676
9/30/2016 0:00:00,6224,"44,436","35,613","62,708","23,833",511051
10/31/2016 0:00:00,5455,"34,242","53,756","85,024","46,741",561455
11/30/2016 0:00:00,4247,"25,818","60,828","83,271","23,063",428376
12/31/2016 0:00:00,4903,"26,132","35,800","46,024","24,993",345794
1/31/2017 0:00:00,5512,"28,606","43,966","60,746","33,519",417937
2/28/2017 0:00:00,4230,"28,692","51,767","115,725","53,664",601839
3/31/2017 0:00:00,5721,"69,797","192,382","410,349","179,015",1313164
4/30/2017 0:00:00,13024,"144,997","240,370","377,947","235,802",1914592
5/31/2017 0:00:00,29687,"249,129","450,138","679,885","276,985",3203930
6/30/2017 0:00:00,62545,"404,620","792,203","1,009,075","258,949",4475278
7/31/2017 0:00:00,24224,"146,362","414,838","510,282","57,578",1860502
8/31/2017 0:00:00,12168,"93,067","150,237","206,761","51,612",929448
9/30/2017 0:00:00,7732,"41,093","75,224","106,991","12,721",402534
10/31/2017 0:00:00,8233,"37,746","78,133","103,186","55,378",553598
11/30/2017 0:00:00,5936,"32,385","65,615","91,648","19,299",421295
12/31/2017 0:00:00,4111,"24,702","45,117","60,762","10,551",304884
1/31/2018 0:00:00,4231,"20,536","40,355","61,635","11,499",296790
2/28/2018 0:00:00,3781,"22,847","35,559","63,708","11,506",327396
3/31/2018 0:00:00,4617,"28,048","51,729","96,389","25,472",451102
4/30/2018 0:00:00,8496,"48,940","92,964","151,488","84,670",702049
5/31/2018 0:00:00,24221,"121,138","365,444","489,888","102,399",2089064
6/30/2018 0:00:00,13271,"67,785","458,177","526,718","26,656",1653472
7/31/2018 0:00:00,5012,"35,991","197,779","257,701","18,421",852364
8/31/2018 0:00:00,3335,"29,217","72,053","110,080","15,168",475688
9/30/2018 0:00:00,2981,"18,293","44,428","52,985","16,770",350380
10/31/2018 0:00:00,4676,"23,723","44,483","64,052","24,115",484202
11/30/2018 0:00:00,3333,"21,552","39,233","49,274","14,515",292982
12/31/2018 0:00:00,3574,"19,642","30,959","35,942","11,890",254653
1/31/2019 0:00:00,3650,"19,969","27,365","41,319","13,020",257561
2/28/2019 0:00:00,3443,"20,088","25,905","40,113","15,747",297204
3/31/2019 0:00:00,4542,"27,947","37,994","78,776","112,564",727333
4/30/2019 0:00:00,10142,"122,004","112,983","262,104","241,808",1683186
5/31/2019 0:00:00,21148,"215,146","172,878","289,012","269,749",3115691
6/30/2019 0:00:00,67996,"484,260","378,454","574,310","516,657",5756635
7/31/2019 0:00:00,47012,"293,106","228,792","345,083","188,299",3421106
8/31/2019 0:00:00,14884,"103,583","77,344","136,094","59,837",1053229
9/30/2019 0:00:00,7138,39987,44305,69773,11965,406311
10/31/2019 0:00:00,7389,"  28,732 ","  50,929 ","  61,511 ","  11,668 ",332585
11/30/2019 0:00:00,4807,30663,51778,67025,14212,420956
12/31/2019 0:00:00,5492,"29,848","37,194","49,523","15,867",375152